"utterance","item","ah_belief","prob"
"BARE-dances-?","Charley_H","dances",0.0260391117614905
"BARE-dances-?","Charley_H","doesnt_dance",0.0003146778360002
"BARE-dances-?","Charley_H","null",0.97327303523397
"BARE-dances-?","Charley_H","uncertain",0.000373175168539236
"BARE-dances-?","Charley_L","dances",0.00209661206121993
"BARE-dances-?","Charley_L","doesnt_dance",0.0148078319588793
"BARE-dances-?","Charley_L","null",0.980314505863435
"BARE-dances-?","Charley_L","uncertain",0.00278105011646485
"BARE-dances-?","Danny_H","dances",0.0164666372291727
"BARE-dances-?","Danny_H","doesnt_dance",0.00033335333149036
"BARE-dances-?","Danny_H","null",0.979398017576823
"BARE-dances-?","Danny_H","uncertain",0.0038019918625146
"BARE-dances-?","Danny_L","dances",0.00292339420002205
"BARE-dances-?","Danny_L","doesnt_dance",0.0170522664254042
"BARE-dances-?","Danny_L","null",0.978068676972092
"BARE-dances-?","Danny_L","uncertain",0.00195566240248022
"BARE-dances-?","Emily_H","dances",0.00768052819207091
"BARE-dances-?","Emily_H","doesnt_dance",0.00228790765116541
"BARE-dances-?","Emily_H","null",0.982168225004942
"BARE-dances-?","Emily_H","uncertain",0.00786333915182215
"BARE-dances-?","Emily_L","dances",0.00166392203730469
"BARE-dances-?","Emily_L","doesnt_dance",0.0270146216620897
"BARE-dances-?","Emily_L","null",0.970770438113514
"BARE-dances-?","Emily_L","uncertain",0.000551018187092515
"BARE-dances-?","Emma_H","dances",0.0190952789339966
"BARE-dances-?","Emma_H","doesnt_dance",0.000616261153161334
"BARE-dances-?","Emma_H","null",0.977923933751488
"BARE-dances-?","Emma_H","uncertain",0.00236452616135328
"BARE-dances-?","Emma_L","dances",0.00463070919137836
"BARE-dances-?","Emma_L","doesnt_dance",0.0135556979528098
"BARE-dances-?","Emma_L","null",0.979332461552091
"BARE-dances-?","Emma_L","uncertain",0.00248113130372059
"BARE-dances-?","Frank_H","dances",0.0138553429345259
"BARE-dances-?","Frank_H","doesnt_dance",0.000512296141331354
"BARE-dances-?","Frank_H","null",0.980359427339916
"BARE-dances-?","Frank_H","uncertain",0.0052729335842274
"BARE-dances-?","Frank_L","dances",0.00293312319692412
"BARE-dances-?","Frank_L","doesnt_dance",0.0282447764181608
"BARE-dances-?","Frank_L","null",0.96851570613806
"BARE-dances-?","Frank_L","uncertain",0.000306394246856124
"BARE-dances-?","Grace_H","dances",0.0243518919852361
"BARE-dances-?","Grace_H","doesnt_dance",0.000345080664501509
"BARE-dances-?","Grace_H","null",0.974580215102548
"BARE-dances-?","Grace_H","uncertain",0.000722812247714119
"BARE-dances-?","Grace_L","dances",0.00429140466001897
"BARE-dances-?","Grace_L","doesnt_dance",0.0199769168907498
"BARE-dances-?","Grace_L","null",0.974623809480554
"BARE-dances-?","Grace_L","uncertain",0.00110786896867662
"BARE-dances-?","Isabella_H","dances",0.00409683742724539
"BARE-dances-?","Isabella_H","doesnt_dance",0.00131828960969297
"BARE-dances-?","Isabella_H","null",0.981999371071143
"BARE-dances-?","Isabella_H","uncertain",0.0125855018919189
"BARE-dances-?","Isabella_L","dances",0.00232687753984625
"BARE-dances-?","Isabella_L","doesnt_dance",0.0282152768418987
"BARE-dances-?","Isabella_L","null",0.969091178666912
"BARE-dances-?","Isabella_L","uncertain",0.000366666951343168
"BARE-dances-?","Jackson_H","dances",0.0243578217671243
"BARE-dances-?","Jackson_H","doesnt_dance",0.000582773225577799
"BARE-dances-?","Jackson_H","null",0.974383978869775
"BARE-dances-?","Jackson_H","uncertain",0.000675426137523158
"BARE-dances-?","Jackson_L","dances",0.0023596669196724
"BARE-dances-?","Jackson_L","doesnt_dance",0.0266062400416811
"BARE-dances-?","Jackson_L","null",0.970519478107796
"BARE-dances-?","Jackson_L","uncertain",0.000514614930851472
"BARE-dances-?","Jayden_H","dances",0.0165599559837194
"BARE-dances-?","Jayden_H","doesnt_dance",0.00101554056800365
"BARE-dances-?","Jayden_H","null",0.979086292786223
"BARE-dances-?","Jayden_H","uncertain",0.00333821066205417
"BARE-dances-?","Jayden_L","dances",0.00398121795176526
"BARE-dances-?","Jayden_L","doesnt_dance",0.0238278920194238
"BARE-dances-?","Jayden_L","null",0.971567651467179
"BARE-dances-?","Jayden_L","uncertain",0.000623238561630427
"BARE-dances-?","Jon_H","dances",0.0239701108801121
"BARE-dances-?","Jon_H","doesnt_dance",0.000602942831793265
"BARE-dances-?","Jon_H","null",0.974664177228582
"BARE-dances-?","Jon_H","uncertain",0.000762769059512175
"BARE-dances-?","Jon_L","dances",0.00381816290008026
"BARE-dances-?","Jon_L","doesnt_dance",0.0233629313071086
"BARE-dances-?","Jon_L","null",0.972119785651852
"BARE-dances-?","Jon_L","uncertain",0.000699120140958408
"BARE-dances-?","Josh_H","dances",0.00912229666545929
"BARE-dances-?","Josh_H","doesnt_dance",0.00224307704405577
"BARE-dances-?","Josh_H","null",0.981764071589123
"BARE-dances-?","Josh_H","uncertain",0.00687055470136283
"BARE-dances-?","Josh_L","dances",0.00280095397466935
"BARE-dances-?","Josh_L","doesnt_dance",0.019218653855464
"BARE-dances-?","Josh_L","null",0.97647004177343
"BARE-dances-?","Josh_L","uncertain",0.00151035039643628
"BARE-dances-?","Josie_H","dances",0.0200830456363458
"BARE-dances-?","Josie_H","doesnt_dance",0.000453134310134623
"BARE-dances-?","Josie_H","null",0.977434918668864
"BARE-dances-?","Josie_H","uncertain",0.00202890138465538
"BARE-dances-?","Josie_L","dances",0.00213694213607654
"BARE-dances-?","Josie_L","doesnt_dance",0.0258801934038854
"BARE-dances-?","Josie_L","null",0.971365432616544
"BARE-dances-?","Josie_L","uncertain",0.000617431843494452
"BARE-dances-?","Julian_H","dances",0.0106217526222066
"BARE-dances-?","Julian_H","doesnt_dance",0.000976368317146049
"BARE-dances-?","Julian_H","null",0.98124700404941
"BARE-dances-?","Julian_H","uncertain",0.00715487501123726
"BARE-dances-?","Julian_L","dances",0.00216854398227595
"BARE-dances-?","Julian_L","doesnt_dance",0.00844306684527068
"BARE-dances-?","Julian_L","null",0.983721151628648
"BARE-dances-?","Julian_L","uncertain",0.00566723754380587
"BARE-dances-?","Mary_H","dances",0.0259336108393047
"BARE-dances-?","Mary_H","doesnt_dance",0.000943909215395619
"BARE-dances-?","Mary_H","null",0.972816038238245
"BARE-dances-?","Mary_H","uncertain",0.000306441707054386
"BARE-dances-?","Mary_L","dances",0.00282611618731196
"BARE-dances-?","Mary_L","doesnt_dance",0.0238162778685851
"BARE-dances-?","Mary_L","null",0.97258298412735
"BARE-dances-?","Mary_L","uncertain",0.00077462181675406
"BARE-dances-?","Olivia_H","dances",0.0221341186729559
"BARE-dances-?","Olivia_H","doesnt_dance",0.00152239117427041
"BARE-dances-?","Olivia_H","null",0.975314299473485
"BARE-dances-?","Olivia_H","uncertain",0.00102919067928862
"BARE-dances-?","Olivia_L","dances",0.00352518194653799
"BARE-dances-?","Olivia_L","doesnt_dance",0.0231859668193088
"BARE-dances-?","Olivia_L","null",0.972528647362383
"BARE-dances-?","Olivia_L","uncertain",0.00076020387177126
"BARE-dances-?","Owen_H","dances",0.0224534554091198
"BARE-dances-?","Owen_H","doesnt_dance",0.000538694934986725
"BARE-dances-?","Owen_H","null",0.97582187528884
"BARE-dances-?","Owen_H","uncertain",0.00118597436705328
"BARE-dances-?","Owen_L","dances",0.00481253250969335
"BARE-dances-?","Owen_L","doesnt_dance",0.0186296492012113
"BARE-dances-?","Owen_L","null",0.975310158830512
"BARE-dances-?","Owen_L","uncertain",0.0012476594585827
"BARE-dances-?","Tony_H","dances",0.0212612896302049
"BARE-dances-?","Tony_H","doesnt_dance",0.000337281793941263
"BARE-dances-?","Tony_H","null",0.976769070508049
"BARE-dances-?","Tony_H","uncertain",0.00163235806780576
"BARE-dances-?","Tony_L","dances",0.00326262778895081
"BARE-dances-?","Tony_L","doesnt_dance",0.0238512746005945
"BARE-dances-?","Tony_L","null",0.972173836615693
"BARE-dances-?","Tony_L","uncertain",0.000712260994761443
"BARE-dances-?","Zoe_H","dances",0.0227698898063632
"BARE-dances-?","Zoe_H","doesnt_dance",0.000367502457135742
"BARE-dances-?","Zoe_H","null",0.97572509578687
"BARE-dances-?","Zoe_H","uncertain",0.00113751194963098
"BARE-dances-?","Zoe_L","dances",0.00341082690754995
"BARE-dances-?","Zoe_L","doesnt_dance",0.0263032610912915
"BARE-dances-?","Zoe_L","null",0.969855791091201
"BARE-dances-?","Zoe_L","uncertain",0.000430120909957969
"know-dances-?","Charley_H","dances",0.644476349001187
"know-dances-?","Charley_H","doesnt_dance",0.048569885925056
"know-dances-?","Charley_H","null",0.00208427963478409
"know-dances-?","Charley_H","uncertain",0.304869485438973
"know-dances-?","Charley_L","dances",0.0272856310016831
"know-dances-?","Charley_L","doesnt_dance",0.625538292232415
"know-dances-?","Charley_L","null",0.00655508164125048
"know-dances-?","Charley_L","uncertain",0.340620995124651
"know-dances-?","Danny_H","dances",0.233681849622619
"know-dances-?","Danny_H","doesnt_dance",0.0311977547714661
"know-dances-?","Danny_H","null",0.00116830868837195
"know-dances-?","Danny_H","uncertain",0.733952086917543
"know-dances-?","Danny_L","dances",0.031260693933419
"know-dances-?","Danny_L","doesnt_dance",0.693049115767932
"know-dances-?","Danny_L","null",0.00580768567110483
"know-dances-?","Danny_L","uncertain",0.269882504627544
"know-dances-?","Emily_H","dances",0.0911880412554194
"know-dances-?","Emily_H","doesnt_dance",0.164362496072994
"know-dances-?","Emily_H","null",0.00136106465371069
"know-dances-?","Emily_H","uncertain",0.743088398017876
"know-dances-?","Emily_L","dances",0.0175484181240607
"know-dances-?","Emily_L","doesnt_dance",0.872958510381893
"know-dances-?","Emily_L","null",0.0114586581259849
"know-dances-?","Emily_L","uncertain",0.098034413368061
"know-dances-?","Emma_H","dances",0.297336320117952
"know-dances-?","Emma_H","doesnt_dance",0.0623884108378154
"know-dances-?","Emma_H","null",0.00131720351732346
"know-dances-?","Emma_H","uncertain",0.638958065526909
"know-dances-?","Emma_L","dances",0.0454959317775678
"know-dances-?","Emma_L","doesnt_dance",0.618938441435548
"know-dances-?","Emma_L","null",0.00368047551803426
"know-dances-?","Emma_L","uncertain",0.33188515126885
"know-dances-?","Frank_H","dances",0.181069863451886
"know-dances-?","Frank_H","doesnt_dance",0.0444145910684824
"know-dances-?","Frank_H","null",0.00110414344810425
"know-dances-?","Frank_H","uncertain",0.773411402031527
"know-dances-?","Frank_L","dances",0.0239463222573847
"know-dances-?","Frank_L","doesnt_dance",0.90571041217502
"know-dances-?","Frank_L","null",0.00823867415180307
"know-dances-?","Frank_L","uncertain",0.0621045914157922
"know-dances-?","Grace_H","dances",0.523668094060643
"know-dances-?","Grace_H","doesnt_dance",0.0467749999079097
"know-dances-?","Grace_H","null",0.0018013061995288
"know-dances-?","Grace_H","uncertain",0.427755599831919
"know-dances-?","Grace_L","dances",0.0369453560648361
"know-dances-?","Grace_L","doesnt_dance",0.77421871612654
"know-dances-?","Grace_L","null",0.00498626238558991
"know-dances-?","Grace_L","uncertain",0.183849665423035
"know-dances-?","Isabella_H","dances",0.0583445519689286
"know-dances-?","Isabella_H","doesnt_dance",0.0961954903039583
"know-dances-?","Isabella_H","null",0.00160781800790233
"know-dances-?","Isabella_H","uncertain",0.843852139719211
"know-dances-?","Isabella_L","dances",0.0208180415850845
"know-dances-?","Isabella_L","doesnt_dance",0.898566525193345
"know-dances-?","Isabella_L","null",0.00959111240888742
"know-dances-?","Isabella_L","uncertain",0.0710243208126824
"know-dances-?","Jackson_H","dances",0.516567559757651
"know-dances-?","Jackson_H","doesnt_dance",0.0779187254516663
"know-dances-?","Jackson_H","null",0.00180963676583115
"know-dances-?","Jackson_H","uncertain",0.403704078024851
"know-dances-?","Jackson_L","dances",0.0218182132097786
"know-dances-?","Jackson_L","doesnt_dance",0.874405061613203
"know-dances-?","Jackson_L","null",0.00912176839635696
"know-dances-?","Jackson_L","uncertain",0.0946549567806615
"know-dances-?","Jayden_H","dances",0.229504686343394
"know-dances-?","Jayden_H","doesnt_dance",0.0923500098925796
"know-dances-?","Jayden_H","null",0.00122173786489816
"know-dances-?","Jayden_H","uncertain",0.676923565899128
"know-dances-?","Jayden_L","dances",0.0321400691092328
"know-dances-?","Jayden_L","doesnt_dance",0.845675685727128
"know-dances-?","Jayden_L","null",0.00592997770891499
"know-dances-?","Jayden_L","uncertain",0.116254267454724
"know-dances-?","Jon_H","dances",0.493622363547937
"know-dances-?","Jon_H","doesnt_dance",0.078468822427951
"know-dances-?","Jon_H","null",0.00175759882546489
"know-dances-?","Jon_H","uncertain",0.426151215198647
"know-dances-?","Jon_L","dances",0.0316284577963998
"know-dances-?","Jon_L","doesnt_dance",0.835503761042257
"know-dances-?","Jon_L","null",0.00601981260039061
"know-dances-?","Jon_L","uncertain",0.126847968560952
"know-dances-?","Josh_H","dances",0.10688667014279
"know-dances-?","Josh_H","doesnt_dance",0.164632166815929
"know-dances-?","Josh_H","null",0.00128750836374493
"know-dances-?","Josh_H","uncertain",0.727193654677536
"know-dances-?","Josh_L","dances",0.0288916452500505
"know-dances-?","Josh_L","doesnt_dance",0.741511980734602
"know-dances-?","Josh_L","null",0.00648632942849177
"know-dances-?","Josh_L","uncertain",0.223110044586856
"know-dances-?","Josie_H","dances",0.330157432095585
"know-dances-?","Josie_H","doesnt_dance",0.0481934049837928
"know-dances-?","Josie_H","null",0.00137172819382042
"know-dances-?","Josie_H","uncertain",0.620277434726802
"know-dances-?","Josie_L","dances",0.0209351774440705
"know-dances-?","Josie_L","doesnt_dance",0.860267296794842
"know-dances-?","Josie_L","null",0.00953526726325437
"know-dances-?","Josie_L","uncertain",0.109262258497833
"know-dances-?","Julian_H","dances",0.129961962855241
"know-dances-?","Julian_H","doesnt_dance",0.0780223055885522
"know-dances-?","Julian_H","null",0.00112219842732738
"know-dances-?","Julian_H","uncertain",0.790893533128879
"know-dances-?","Julian_L","dances",0.0327029975135291
"know-dances-?","Julian_L","doesnt_dance",0.425390810361937
"know-dances-?","Julian_L","null",0.0045115481307104
"know-dances-?","Julian_L","uncertain",0.537394643993823
"know-dances-?","Mary_H","dances",0.609172456170358
"know-dances-?","Mary_H","doesnt_dance",0.138529278058364
"know-dances-?","Mary_H","null",0.00207104948834273
"know-dances-?","Mary_H","uncertain",0.250227216282936
"know-dances-?","Mary_L","dances",0.0259834265972018
"know-dances-?","Mary_L","doesnt_dance",0.832739071824825
"know-dances-?","Mary_L","null",0.00748980566677787
"know-dances-?","Mary_L","uncertain",0.133787695911196
"know-dances-?","Olivia_H","dances",0.385625723302915
"know-dances-?","Olivia_H","doesnt_dance",0.169435576039904
"know-dances-?","Olivia_H","null",0.00159384844082757
"know-dances-?","Olivia_H","uncertain",0.443344852216354
"know-dances-?","Olivia_L","dances",0.0301972639050493
"know-dances-?","Olivia_L","doesnt_dance",0.829050504630556
"know-dances-?","Olivia_L","null",0.00632552235553514
"know-dances-?","Olivia_L","uncertain",0.134426709108859
"know-dances-?","Owen_H","dances",0.419513255176209
"know-dances-?","Owen_H","doesnt_dance",0.0641974790858745
"know-dances-?","Owen_H","null",0.00157894468316086
"know-dances-?","Owen_H","uncertain",0.514710321054755
"know-dances-?","Owen_L","dances",0.0411887659155666
"know-dances-?","Owen_L","doesnt_dance",0.750414675774351
"know-dances-?","Owen_L","null",0.00440099109031254
"know-dances-?","Owen_L","uncertain",0.20399556721977
"know-dances-?","Tony_H","dances",0.374095756295845
"know-dances-?","Tony_H","doesnt_dance",0.0381351656171906
"know-dances-?","Tony_H","null",0.00145708543263419
"know-dances-?","Tony_H","uncertain",0.586311992654331
"know-dances-?","Tony_L","dances",0.0283327765931196
"know-dances-?","Tony_L","doesnt_dance",0.838175797886874
"know-dances-?","Tony_L","null",0.00680313680372671
"know-dances-?","Tony_L","uncertain",0.12668828871628
"know-dances-?","Zoe_H","dances",0.438012780866242
"know-dances-?","Zoe_H","doesnt_dance",0.0450063731356167
"know-dances-?","Zoe_H","null",0.00160453619867764
"know-dances-?","Zoe_H","uncertain",0.515376309799464
"know-dances-?","Zoe_L","dances",0.0275075701964404
"know-dances-?","Zoe_L","doesnt_dance",0.881194416031337
"know-dances-?","Zoe_L","null",0.00707102086027589
"know-dances-?","Zoe_L","uncertain",0.0842269929119472
"know-doesnt_dance-?","Charley_H","dances",0.84080904373136
"know-doesnt_dance-?","Charley_H","doesnt_dance",0.0345922034931973
"know-doesnt_dance-?","Charley_H","null",0.0230249192617199
"know-doesnt_dance-?","Charley_H","uncertain",0.101573833513723
"know-doesnt_dance-?","Charley_L","dances",0.107660077592424
"know-doesnt_dance-?","Charley_L","doesnt_dance",0.2657190418482
"know-doesnt_dance-?","Charley_L","null",0.00469478765567755
"know-doesnt_dance-?","Charley_L","uncertain",0.621926092903699
"know-doesnt_dance-?","Danny_H","dances",0.479870985235678
"know-doesnt_dance-?","Danny_H","doesnt_dance",0.0277934980192115
"know-doesnt_dance-?","Danny_H","null",0.0210609338859044
"know-doesnt_dance-?","Danny_H","uncertain",0.471274582859206
"know-doesnt_dance-?","Danny_L","dances",0.156319121803599
"know-doesnt_dance-?","Danny_L","doesnt_dance",0.305672296805467
"know-doesnt_dance-?","Danny_L","null",0.00492629616824093
"know-doesnt_dance-?","Danny_L","uncertain",0.533082285222693
"know-doesnt_dance-?","Emily_H","dances",0.269266112164809
"know-doesnt_dance-?","Emily_H","doesnt_dance",0.0595240580277299
"know-doesnt_dance-?","Emily_H","null",0.00600221433218763
"know-doesnt_dance-?","Emily_H","uncertain",0.665207615475274
"know-doesnt_dance-?","Emily_L","dances",0.114693013055914
"know-doesnt_dance-?","Emily_L","doesnt_dance",0.5654269578419
"know-doesnt_dance-?","Emily_L","null",0.00694935362393817
"know-doesnt_dance-?","Emily_L","uncertain",0.312930675478248
"know-doesnt_dance-?","Emma_H","dances",0.604593395368261
"know-doesnt_dance-?","Emma_H","doesnt_dance",0.0389779744838712
"know-doesnt_dance-?","Emma_H","null",0.0152622086789806
"know-doesnt_dance-?","Emma_H","uncertain",0.341166421468888
"know-doesnt_dance-?","Emma_L","dances",0.224789316015434
"know-doesnt_dance-?","Emma_L","doesnt_dance",0.232718605979081
"know-doesnt_dance-?","Emma_L","null",0.00441304243919026
"know-doesnt_dance-?","Emma_L","uncertain",0.538079035566294
"know-doesnt_dance-?","Frank_H","dances",0.412999509300057
"know-doesnt_dance-?","Frank_H","doesnt_dance",0.0319958491506665
"know-doesnt_dance-?","Frank_H","null",0.0159190672277689
"know-doesnt_dance-?","Frank_H","uncertain",0.539085574321508
"know-doesnt_dance-?","Frank_L","dances",0.204077278379181
"know-doesnt_dance-?","Frank_L","doesnt_dance",0.588548723464926
"know-doesnt_dance-?","Frank_L","null",0.00706771492512727
"know-doesnt_dance-?","Frank_L","uncertain",0.200306283230766
"know-doesnt_dance-?","Grace_H","dances",0.77762355876807
"know-doesnt_dance-?","Grace_H","doesnt_dance",0.0346518798066056
"know-doesnt_dance-?","Grace_H","null",0.0220135259909253
"know-doesnt_dance-?","Grace_H","uncertain",0.165711035434399
"know-doesnt_dance-?","Grace_L","dances",0.240619570288356
"know-doesnt_dance-?","Grace_L","doesnt_dance",0.359046088110316
"know-doesnt_dance-?","Grace_L","null",0.00524419066219583
"know-doesnt_dance-?","Grace_L","uncertain",0.395090150939132
"know-doesnt_dance-?","Isabella_H","dances",0.133974232241471
"know-doesnt_dance-?","Isabella_H","doesnt_dance",0.0436091866935284
"know-doesnt_dance-?","Isabella_H","null",0.00740175457202055
"know-doesnt_dance-?","Isabella_H","uncertain",0.81501482649298
"know-doesnt_dance-?","Isabella_L","dances",0.163501045106363
"know-doesnt_dance-?","Isabella_L","doesnt_dance",0.595280616353882
"know-doesnt_dance-?","Isabella_L","null",0.0071535096168989
"know-doesnt_dance-?","Isabella_L","uncertain",0.234064828922857
"know-doesnt_dance-?","Jackson_H","dances",0.792631043198276
"know-doesnt_dance-?","Jackson_H","doesnt_dance",0.0425217986728288
"know-doesnt_dance-?","Jackson_H","null",0.0159114201734587
"know-doesnt_dance-?","Jackson_H","uncertain",0.148935737955438
"know-doesnt_dance-?","Jackson_L","dances",0.159084126287985
"know-doesnt_dance-?","Jackson_L","doesnt_dance",0.544795794145731
"know-doesnt_dance-?","Jackson_L","null",0.00674971956832826
"know-doesnt_dance-?","Jackson_L","uncertain",0.289370359997955
"know-doesnt_dance-?","Jayden_H","dances",0.538541829809795
"know-doesnt_dance-?","Jayden_H","doesnt_dance",0.0450043434075765
"know-doesnt_dance-?","Jayden_H","null",0.0108340499009
"know-doesnt_dance-?","Jayden_H","uncertain",0.405619776881728
"know-doesnt_dance-?","Jayden_L","dances",0.244657684324885
"know-doesnt_dance-?","Jayden_L","doesnt_dance",0.451974689784211
"know-doesnt_dance-?","Jayden_L","null",0.00594802687677039
"know-doesnt_dance-?","Jayden_L","uncertain",0.297419599014134
"know-doesnt_dance-?","Jon_H","dances",0.779568885838625
"know-doesnt_dance-?","Jon_H","doesnt_dance",0.0427144920879652
"know-doesnt_dance-?","Jon_H","null",0.0155878849307219
"know-doesnt_dance-?","Jon_H","uncertain",0.162128737142687
"know-doesnt_dance-?","Jon_L","dances",0.232682209108931
"know-doesnt_dance-?","Jon_L","doesnt_dance",0.441598979854395
"know-doesnt_dance-?","Jon_L","null",0.00587665797630776
"know-doesnt_dance-?","Jon_L","uncertain",0.319842153060366
"know-doesnt_dance-?","Josh_H","dances",0.318292029958707
"know-doesnt_dance-?","Josh_H","doesnt_dance",0.0591381431660742
"know-doesnt_dance-?","Josh_H","null",0.00617674561819231
"know-doesnt_dance-?","Josh_H","uncertain",0.616393081257026
"know-doesnt_dance-?","Josh_L","dances",0.157497819254439
"know-doesnt_dance-?","Josh_L","doesnt_dance",0.351919588734699
"know-doesnt_dance-?","Josh_L","null",0.00525534938689763
"know-doesnt_dance-?","Josh_L","uncertain",0.485327242623965
"know-doesnt_dance-?","Josie_H","dances",0.626494329124233
"know-doesnt_dance-?","Josie_H","doesnt_dance",0.0351802103554393
"know-doesnt_dance-?","Josie_H","null",0.0185643738403953
"know-doesnt_dance-?","Josie_H","uncertain",0.319761086679933
"know-doesnt_dance-?","Josie_L","dances",0.142012248578358
"know-doesnt_dance-?","Josie_L","doesnt_dance",0.525785189526992
"know-doesnt_dance-?","Josie_L","null",0.00661049407557688
"know-doesnt_dance-?","Josie_L","uncertain",0.325592067819073
"know-doesnt_dance-?","Julian_H","dances",0.336701021437015
"know-doesnt_dance-?","Julian_H","doesnt_dance",0.0401740635296029
"know-doesnt_dance-?","Julian_H","null",0.0102119941810725
"know-doesnt_dance-?","Julian_H","uncertain",0.61291292085231
"know-doesnt_dance-?","Julian_L","dances",0.0957477295614185
"know-doesnt_dance-?","Julian_L","doesnt_dance",0.155140449932389
"know-doesnt_dance-?","Julian_L","null",0.00418753888662927
"know-doesnt_dance-?","Julian_L","uncertain",0.744924281619562
"know-doesnt_dance-?","Mary_H","dances",0.859720309265167
"know-doesnt_dance-?","Mary_H","doesnt_dance",0.0511125458810341
"know-doesnt_dance-?","Mary_H","null",0.011280743755498
"know-doesnt_dance-?","Mary_H","uncertain",0.0778864010983005
"know-doesnt_dance-?","Mary_L","dances",0.176687443003314
"know-doesnt_dance-?","Mary_L","doesnt_dance",0.461841566578016
"know-doesnt_dance-?","Mary_L","null",0.00607784681115129
"know-doesnt_dance-?","Mary_L","uncertain",0.355393143607519
"know-doesnt_dance-?","Olivia_H","dances",0.745201885259203
"know-doesnt_dance-?","Olivia_H","doesnt_dance",0.056515366635997
"know-doesnt_dance-?","Olivia_H","null",0.0083336657296067
"know-doesnt_dance-?","Olivia_H","uncertain",0.189949082375193
"know-doesnt_dance-?","Olivia_L","dances",0.214877058597376
"know-doesnt_dance-?","Olivia_L","doesnt_dance",0.439602728117437
"know-doesnt_dance-?","Olivia_L","null",0.00587502892467813
"know-doesnt_dance-?","Olivia_L","uncertain",0.339645184360509
"know-doesnt_dance-?","Owen_H","dances",0.720690468386085
"know-doesnt_dance-?","Owen_H","doesnt_dance",0.0397585945811047
"know-doesnt_dance-?","Owen_H","null",0.0168268079795911
"know-doesnt_dance-?","Owen_H","uncertain",0.222724129053219
"know-doesnt_dance-?","Owen_L","dances",0.260214672618879
"know-doesnt_dance-?","Owen_L","doesnt_dance",0.327529287510529
"know-doesnt_dance-?","Owen_L","null",0.00500054935145491
"know-doesnt_dance-?","Owen_L","uncertain",0.407255490519136
"know-doesnt_dance-?","Tony_H","dances",0.657710778962094
"know-doesnt_dance-?","Tony_H","doesnt_dance",0.0317918601705606
"know-doesnt_dance-?","Tony_H","null",0.0221564822782275
"know-doesnt_dance-?","Tony_H","uncertain",0.288340878589117
"know-doesnt_dance-?","Tony_L","dances",0.202791991357137
"know-doesnt_dance-?","Tony_L","doesnt_dance",0.45884899986453
"know-doesnt_dance-?","Tony_L","null",0.0060343439615725
"know-doesnt_dance-?","Tony_L","uncertain",0.332324664816762
"know-doesnt_dance-?","Zoe_H","dances",0.718806058591381
"know-doesnt_dance-?","Zoe_H","doesnt_dance",0.0343032594890653
"know-doesnt_dance-?","Zoe_H","null",0.0212389619783477
"know-doesnt_dance-?","Zoe_H","uncertain",0.225651719941207
"know-doesnt_dance-?","Zoe_L","dances",0.224307121281641
"know-doesnt_dance-?","Zoe_L","doesnt_dance",0.524376689135772
"know-doesnt_dance-?","Zoe_L","null",0.00653591003419437
"know-doesnt_dance-?","Zoe_L","uncertain",0.244780279548393
"think-dances-?","Charley_H","dances",0.943089207859529
"think-dances-?","Charley_H","doesnt_dance",0.00391377394897105
"think-dances-?","Charley_H","null",0.0261248703908122
"think-dances-?","Charley_H","uncertain",0.0268721478006877
"think-dances-?","Charley_L","dances",0.0482050908758314
"think-dances-?","Charley_L","doesnt_dance",0.776019236118218
"think-dances-?","Charley_L","null",0.0364814162357642
"think-dances-?","Charley_L","uncertain",0.139294256770187
"think-dances-?","Danny_H","dances",0.779876702859132
"think-dances-?","Danny_H","doesnt_dance",0.0126639645959642
"think-dances-?","Danny_H","null",0.0223193414769923
"think-dances-?","Danny_H","uncertain",0.185139991067911
"think-dances-?","Danny_L","dances",0.0619108277421804
"think-dances-?","Danny_L","doesnt_dance",0.794142029823981
"think-dances-?","Danny_L","null",0.038038302161278
"think-dances-?","Danny_L","uncertain",0.105908840272561
"think-dances-?","Emily_H","dances",0.396479489241316
"think-dances-?","Emily_H","doesnt_dance",0.204990374064776
"think-dances-?","Emily_H","null",0.0236231138636063
"think-dances-?","Emily_H","uncertain",0.374907022830302
"think-dances-?","Emily_L","dances",0.0249506680440554
"think-dances-?","Emily_L","doesnt_dance",0.899348721202116
"think-dances-?","Emily_L","null",0.0401859612085088
"think-dances-?","Emily_L","uncertain",0.0355146495453195
"think-dances-?","Emma_H","dances",0.831112482061364
"think-dances-?","Emma_H","doesnt_dance",0.0178437794956578
"think-dances-?","Emma_H","null",0.0245440780697554
"think-dances-?","Emma_H","uncertain",0.126499660373223
"think-dances-?","Emma_L","dances",0.116295601046508
"think-dances-?","Emma_L","doesnt_dance",0.711307543680811
"think-dances-?","Emma_L","null",0.0374407734127797
"think-dances-?","Emma_L","uncertain",0.134956081859902
"think-dances-?","Frank_H","dances",0.703490941824502
"think-dances-?","Frank_H","doesnt_dance",0.0262203435439797
"think-dances-?","Frank_H","null",0.0213737955739431
"think-dances-?","Frank_H","uncertain",0.248914919057575
"think-dances-?","Frank_L","dances",0.0431515830665247
"think-dances-?","Frank_L","doesnt_dance",0.893775910424999
"think-dances-?","Frank_L","null",0.0411021661471394
"think-dances-?","Frank_L","uncertain",0.021970340361337
"think-dances-?","Grace_H","dances",0.922054725470481
"think-dances-?","Grace_H","doesnt_dance",0.00530920714148641
"think-dances-?","Grace_H","null",0.025707123136854
"think-dances-?","Grace_H","uncertain",0.0469289442511787
"think-dances-?","Grace_L","dances",0.082845792392331
"think-dances-?","Grace_L","doesnt_dance",0.808978337283472
"think-dances-?","Grace_L","null",0.0399131217205452
"think-dances-?","Grace_L","uncertain",0.0682627486036513
"think-dances-?","Isabella_H","dances",0.244467878180152
"think-dances-?","Isabella_H","doesnt_dance",0.180696730815029
"think-dances-?","Isabella_H","null",0.0168159271402001
"think-dances-?","Isabella_H","uncertain",0.55801946386462
"think-dances-?","Isabella_L","dances",0.0340232649481078
"think-dances-?","Isabella_L","doesnt_dance",0.89983792936385
"think-dances-?","Isabella_L","null",0.0407760833066639
"think-dances-?","Isabella_L","uncertain",0.0253627223813787
"think-dances-?","Jackson_H","dances",0.91928822948018
"think-dances-?","Jackson_H","doesnt_dance",0.00928563482968514
"think-dances-?","Jackson_H","null",0.0263383115044236
"think-dances-?","Jackson_H","uncertain",0.0450878241857108
"think-dances-?","Jackson_L","dances",0.0360891459407681
"think-dances-?","Jackson_L","doesnt_dance",0.889373577821179
"think-dances-?","Jackson_L","null",0.0404780497569229
"think-dances-?","Jackson_L","uncertain",0.0340592264811299
"think-dances-?","Jayden_H","dances",0.762847831792798
"think-dances-?","Jayden_H","doesnt_dance",0.0395531058810777
"think-dances-?","Jayden_H","null",0.0246352562775799
"think-dances-?","Jayden_H","uncertain",0.172963806048544
"think-dances-?","Jayden_L","dances",0.0673924205173117
"think-dances-?","Jayden_L","doesnt_dance",0.850103987880133
"think-dances-?","Jayden_L","null",0.0407668511610848
"think-dances-?","Jayden_L","uncertain",0.0417367404414703
"think-dances-?","Jon_H","dances",0.913716031270395
"think-dances-?","Jon_H","doesnt_dance",0.0100801610024582
"think-dances-?","Jon_H","null",0.0262760796735665
"think-dances-?","Jon_H","uncertain",0.0499277280535801
"think-dances-?","Jon_L","dances",0.0654562383209619
"think-dances-?","Jon_L","doesnt_dance",0.848150208743945
"think-dances-?","Jon_L","null",0.0405645560225701
"think-dances-?","Jon_L","uncertain",0.0458289969125228
"think-dances-?","Josh_H","dances",0.462832945078904
"think-dances-?","Josh_H","doesnt_dance",0.177865829679038
"think-dances-?","Josh_H","null",0.0244451318358275
"think-dances-?","Josh_H","uncertain",0.33485609340623
"think-dances-?","Josh_L","dances",0.0545571538176881
"think-dances-?","Josh_L","doesnt_dance",0.821525259443937
"think-dances-?","Josh_L","null",0.0387743708198839
"think-dances-?","Josh_L","uncertain",0.0851432159184906
"think-dances-?","Josie_H","dances",0.85368739278631
"think-dances-?","Josie_H","doesnt_dance",0.0115864157464886
"think-dances-?","Josie_H","null",0.0244684307492347
"think-dances-?","Josie_H","uncertain",0.110257760717966
"think-dances-?","Josie_L","dances",0.0332811506554736
"think-dances-?","Josie_L","doesnt_dance",0.886931559460418
"think-dances-?","Josie_L","null",0.0402031032218204
"think-dances-?","Josie_L","uncertain",0.0395841866622876
"think-dances-?","Julian_H","dances",0.573603642112253
"think-dances-?","Julian_H","doesnt_dance",0.0707372010562624
"think-dances-?","Julian_H","null",0.0209165909814545
"think-dances-?","Julian_H","uncertain",0.334742565850031
"think-dances-?","Julian_L","dances",0.0694609229437685
"think-dances-?","Julian_L","doesnt_dance",0.640400136370406
"think-dances-?","Julian_L","null",0.0317724191923858
"think-dances-?","Julian_L","uncertain",0.258366521493439
"think-dances-?","Mary_H","dances",0.935483634236832
"think-dances-?","Mary_H","doesnt_dance",0.0132025644080943
"think-dances-?","Mary_H","null",0.0276757139737135
"think-dances-?","Mary_H","uncertain",0.0236380873813606
"think-dances-?","Mary_L","dances",0.0472080594886163
"think-dances-?","Mary_L","doesnt_dance",0.863903885381184
"think-dances-?","Mary_L","null",0.0401133326568225
"think-dances-?","Mary_L","uncertain",0.0487747224733779
"think-dances-?","Olivia_H","dances",0.869793516403973
"think-dances-?","Olivia_H","doesnt_dance",0.0344815477430525
"think-dances-?","Olivia_H","null",0.0281551496748503
"think-dances-?","Olivia_H","uncertain",0.067569786178124
"think-dances-?","Olivia_L","dances",0.0605634479920968
"think-dances-?","Olivia_L","doesnt_dance",0.850243060383242
"think-dances-?","Olivia_L","null",0.0403550645791778
"think-dances-?","Olivia_L","uncertain",0.0488384270454836
"think-dances-?","Owen_H","dances",0.892332150725767
"think-dances-?","Owen_H","doesnt_dance",0.0106333314266251
"think-dances-?","Owen_H","null",0.0256139758301398
"think-dances-?","Owen_H","uncertain",0.0714205420174682
"think-dances-?","Owen_L","dances",0.0981674196382158
"think-dances-?","Owen_L","doesnt_dance",0.785687856296595
"think-dances-?","Owen_L","null",0.0397854243927841
"think-dances-?","Owen_L","uncertain",0.076359299672405
"think-dances-?","Tony_H","dances",0.876463271637285
"think-dances-?","Tony_H","doesnt_dance",0.00745084436172945
"think-dances-?","Tony_H","null",0.0246013506797402
"think-dances-?","Tony_H","uncertain",0.0914845333212452
"think-dances-?","Tony_L","dances",0.0547256626019641
"think-dances-?","Tony_L","doesnt_dance",0.858979902033803
"think-dances-?","Tony_L","null",0.0403680069453049
"think-dances-?","Tony_L","uncertain",0.0459264284189276
"think-dances-?","Zoe_H","dances",0.899688248167675
"think-dances-?","Zoe_H","doesnt_dance",0.00684246594106389
"think-dances-?","Zoe_H","null",0.0252463834822609
"think-dances-?","Zoe_H","uncertain",0.0682229024090004
"think-dances-?","Zoe_L","dances",0.053266156015964
"think-dances-?","Zoe_L","doesnt_dance",0.875820678151857
"think-dances-?","Zoe_L","null",0.0409869393332694
"think-dances-?","Zoe_L","uncertain",0.0299262264989095
"think-doesnt_dance-?","Charley_H","dances",0.545583099421748
"think-doesnt_dance-?","Charley_H","doesnt_dance",0.266545568891181
"think-doesnt_dance-?","Charley_H","null",0.00578439492333953
"think-doesnt_dance-?","Charley_H","uncertain",0.18208693676373
"think-doesnt_dance-?","Charley_L","dances",0.0208385507124376
"think-doesnt_dance-?","Charley_L","doesnt_dance",0.757038748905944
"think-doesnt_dance-?","Charley_L","null",0.00763149695290483
"think-doesnt_dance-?","Charley_L","uncertain",0.214491203428713
"think-doesnt_dance-?","Danny_H","dances",0.194975138396011
"think-doesnt_dance-?","Danny_H","doesnt_dance",0.172275736069319
"think-doesnt_dance-?","Danny_H","null",0.00293945034378105
"think-doesnt_dance-?","Danny_H","uncertain",0.629809675190889
"think-doesnt_dance-?","Danny_L","dances",0.0268226899868693
"think-doesnt_dance-?","Danny_L","doesnt_dance",0.814757234217885
"think-doesnt_dance-?","Danny_L","null",0.00761705406115511
"think-doesnt_dance-?","Danny_L","uncertain",0.15080302173409
"think-doesnt_dance-?","Emily_H","dances",0.0513397903265276
"think-doesnt_dance-?","Emily_H","doesnt_dance",0.426875850794177
"think-doesnt_dance-?","Emily_H","null",0.00224369352115684
"think-doesnt_dance-?","Emily_H","uncertain",0.519540665358138
"think-doesnt_dance-?","Emily_L","dances",0.0173490006665161
"think-doesnt_dance-?","Emily_L","doesnt_dance",0.910218082876603
"think-doesnt_dance-?","Emily_L","null",0.0116524660747899
"think-doesnt_dance-?","Emily_L","uncertain",0.0607804503820907
"think-doesnt_dance-?","Emma_H","dances",0.236516563448642
"think-doesnt_dance-?","Emma_H","doesnt_dance",0.313743147446671
"think-doesnt_dance-?","Emma_H","null",0.00331802151230321
"think-doesnt_dance-?","Emma_H","uncertain",0.446422267592384
"think-doesnt_dance-?","Emma_L","dances",0.0364756246815319
"think-doesnt_dance-?","Emma_L","doesnt_dance",0.794302879444355
"think-doesnt_dance-?","Emma_L","null",0.00568649906516594
"think-doesnt_dance-?","Emma_L","uncertain",0.163534996808947
"think-doesnt_dance-?","Frank_H","dances",0.133104072504912
"think-doesnt_dance-?","Frank_H","doesnt_dance",0.211612981843352
"think-doesnt_dance-?","Frank_H","null",0.00241275414457148
"think-doesnt_dance-?","Frank_H","uncertain",0.652870191507165
"think-doesnt_dance-?","Frank_L","dances",0.02621406717353
"think-doesnt_dance-?","Frank_L","doesnt_dance",0.931189756458206
"think-doesnt_dance-?","Frank_L","null",0.0102526994299058
"think-doesnt_dance-?","Frank_L","uncertain",0.0323434769383586
"think-doesnt_dance-?","Grace_H","dances",0.455100154194431
"think-doesnt_dance-?","Grace_H","doesnt_dance",0.263438197415686
"think-doesnt_dance-?","Grace_H","null",0.00507951112586021
"think-doesnt_dance-?","Grace_H","uncertain",0.276382137264023
"think-doesnt_dance-?","Grace_L","dances",0.0345097213425921
"think-doesnt_dance-?","Grace_L","doesnt_dance",0.872405926289316
"think-doesnt_dance-?","Grace_L","null",0.00731272416899559
"think-doesnt_dance-?","Grace_L","uncertain",0.0857716281990951
"think-doesnt_dance-?","Isabella_H","dances",0.0239072906339559
"think-doesnt_dance-?","Isabella_H","doesnt_dance",0.225591247855297
"think-doesnt_dance-?","Isabella_H","null",0.00172592498217063
"think-doesnt_dance-?","Isabella_H","uncertain",0.748775536528576
"think-doesnt_dance-?","Isabella_L","dances",0.0222663167508915
"think-doesnt_dance-?","Isabella_L","doesnt_dance",0.926686658216377
"think-doesnt_dance-?","Isabella_L","null",0.0109913238218749
"think-doesnt_dance-?","Isabella_L","uncertain",0.0400557012108564
"think-doesnt_dance-?","Jackson_H","dances",0.394754691069767
"think-doesnt_dance-?","Jackson_H","doesnt_dance",0.376542915119769
"think-doesnt_dance-?","Jackson_H","null",0.00455505266634137
"think-doesnt_dance-?","Jackson_H","uncertain",0.224147341144123
"think-doesnt_dance-?","Jackson_L","dances",0.0226329083732492
"think-doesnt_dance-?","Jackson_L","doesnt_dance",0.913442088698203
"think-doesnt_dance-?","Jackson_L","null",0.0105844291704772
"think-doesnt_dance-?","Jackson_L","uncertain",0.0533405737580707
"think-doesnt_dance-?","Jayden_H","dances",0.162113232739129
"think-doesnt_dance-?","Jayden_H","doesnt_dance",0.390406303574632
"think-doesnt_dance-?","Jayden_H","null",0.00274030259860445
"think-doesnt_dance-?","Jayden_H","uncertain",0.444740161087635
"think-doesnt_dance-?","Jayden_L","dances",0.0325500177244024
"think-doesnt_dance-?","Jayden_L","doesnt_dance",0.904652474075745
"think-doesnt_dance-?","Jayden_L","null",0.00833606328586428
"think-doesnt_dance-?","Jayden_L","uncertain",0.0544614449139886
"think-doesnt_dance-?","Jon_H","dances",0.377472869327671
"think-doesnt_dance-?","Jon_H","doesnt_dance",0.378753597434734
"think-doesnt_dance-?","Jon_H","null",0.00442033188618457
"think-doesnt_dance-?","Jon_H","uncertain",0.23935320135141
"think-doesnt_dance-?","Jon_L","dances",0.0317528612710778
"think-doesnt_dance-?","Jon_L","doesnt_dance",0.899177246671826
"think-doesnt_dance-?","Jon_L","null",0.00837495547788998
"think-doesnt_dance-?","Jon_L","uncertain",0.0606949365792066
"think-doesnt_dance-?","Josh_H","dances",0.0623229769304467
"think-doesnt_dance-?","Josh_H","doesnt_dance",0.4534028375731
"think-doesnt_dance-?","Josh_H","null",0.00226572384123646
"think-doesnt_dance-?","Josh_H","uncertain",0.482008461655217
"think-doesnt_dance-?","Josh_L","dances",0.0260255006191916
"think-doesnt_dance-?","Josh_L","doesnt_dance",0.841891045585402
"think-doesnt_dance-?","Josh_L","null",0.00829720159692361
"think-doesnt_dance-?","Josh_L","uncertain",0.123786252198483
"think-doesnt_dance-?","Josie_H","dances",0.280055938126129
"think-doesnt_dance-?","Josie_H","doesnt_dance",0.263561697254715
"think-doesnt_dance-?","Josie_H","null",0.00367385617616338
"think-doesnt_dance-?","Josie_H","uncertain",0.452708508442993
"think-doesnt_dance-?","Josie_L","dances",0.0210952120746837
"think-doesnt_dance-?","Josie_L","doesnt_dance",0.904644071288934
"think-doesnt_dance-?","Josie_L","null",0.0107009348483017
"think-doesnt_dance-?","Josie_L","uncertain",0.0635597817880812
"think-doesnt_dance-?","Julian_H","dances",0.0804519616399982
"think-doesnt_dance-?","Julian_H","doesnt_dance",0.288334434515458
"think-doesnt_dance-?","Julian_H","null",0.00205247802050757
"think-doesnt_dance-?","Julian_H","uncertain",0.629161125824036
"think-doesnt_dance-?","Julian_L","dances",0.0198147747322343
"think-doesnt_dance-?","Julian_L","doesnt_dance",0.599285957664721
"think-doesnt_dance-?","Julian_L","null",0.00524764142157197
"think-doesnt_dance-?","Julian_L","uncertain",0.375651626181472
"think-doesnt_dance-?","Mary_H","dances",0.373729828267546
"think-doesnt_dance-?","Mary_H","doesnt_dance",0.519117009728813
"think-doesnt_dance-?","Mary_H","null",0.00431137901497975
"think-doesnt_dance-?","Mary_H","uncertain",0.102841782988661
"think-doesnt_dance-?","Mary_L","dances",0.0259601098643557
"think-doesnt_dance-?","Mary_L","doesnt_dance",0.892860178775826
"think-doesnt_dance-?","Mary_L","null",0.00940090489642656
"think-doesnt_dance-?","Mary_L","uncertain",0.0717788064633916
"think-doesnt_dance-?","Olivia_H","dances",0.229740774129101
"think-doesnt_dance-?","Olivia_H","doesnt_dance",0.578368518008107
"think-doesnt_dance-?","Olivia_H","null",0.00323093551898737
"think-doesnt_dance-?","Olivia_H","uncertain",0.188659772343804
"think-doesnt_dance-?","Olivia_L","dances",0.0301799296609477
"think-doesnt_dance-?","Olivia_L","doesnt_dance",0.894650670678253
"think-doesnt_dance-?","Olivia_L","null",0.00858782802190411
"think-doesnt_dance-?","Olivia_L","uncertain",0.0665815716388954
"think-doesnt_dance-?","Owen_H","dances",0.339969185600499
"think-doesnt_dance-?","Owen_H","doesnt_dance",0.331012958815721
"think-doesnt_dance-?","Owen_H","null",0.00414474860486102
"think-doesnt_dance-?","Owen_H","uncertain",0.324873106978919
"think-doesnt_dance-?","Owen_L","dances",0.0371502812605506
"think-doesnt_dance-?","Owen_L","doesnt_dance",0.864681865982128
"think-doesnt_dance-?","Owen_L","null",0.00670857742819897
"think-doesnt_dance-?","Owen_L","uncertain",0.0914592753291214
"think-doesnt_dance-?","Tony_H","dances",0.335352236281824
"think-doesnt_dance-?","Tony_H","doesnt_dance",0.223057180165697
"think-doesnt_dance-?","Tony_H","null",0.00413135710957653
"think-doesnt_dance-?","Tony_H","uncertain",0.437459226442903
"think-doesnt_dance-?","Tony_L","dances",0.0286206758941514
"think-doesnt_dance-?","Tony_L","doesnt_dance",0.897946550021965
"think-doesnt_dance-?","Tony_L","null",0.0089724164434841
"think-doesnt_dance-?","Tony_L","uncertain",0.0644603576403991
"think-doesnt_dance-?","Zoe_H","dances",0.384573475740093
"think-doesnt_dance-?","Zoe_H","doesnt_dance",0.256160000455344
"think-doesnt_dance-?","Zoe_H","null",0.0045222784079839
"think-doesnt_dance-?","Zoe_H","uncertain",0.354744245396579
"think-doesnt_dance-?","Zoe_L","dances",0.0292194942042309
"think-doesnt_dance-?","Zoe_L","doesnt_dance",0.919808310177923
"think-doesnt_dance-?","Zoe_L","null",0.00934765421905794
"think-doesnt_dance-?","Zoe_L","uncertain",0.0416245413987876
