"utterance","prior","speaker_belief","speaker_prob"
"know-dances-?","Charley_H",9,0.370635028843845
"know-dances-?","Charley_H",8,0.255014135393376
"know-dances-?","Charley_H",7,0.203642559034704
"know-dances-?","Charley_H",6,0.0893609407198091
"know-dances-?","Charley_H",5,0.0431786633874056
"know-dances-?","Charley_H",4,0.0205449752483126
"know-dances-?","Charley_H",3,0.0151247778025639
"know-dances-?","Charley_H",2,0.00169346632293649
"know-dances-?","Charley_H",0,0.000660873652659612
"know-dances-?","Charley_H",1,0.0001445795943879
"know-dances-?","Charley_L",9,0.293657263279682
"know-dances-?","Charley_L",8,0.228260601995376
"know-dances-?","Charley_L",7,0.158865324990175
"know-dances-?","Charley_L",6,0.0727798321882837
"know-dances-?","Charley_L",1,0.0490692736423811
"know-dances-?","Charley_L",5,0.042839393120482
"know-dances-?","Charley_L",0,0.0418031505887494
"know-dances-?","Charley_L",3,0.0408516070233719
"know-dances-?","Charley_L",2,0.0398655177456414
"know-dances-?","Charley_L",4,0.0320080354258582
"know-dances-?","Danny_H",9,0.28628166803381
"know-dances-?","Danny_H",8,0.227341792308455
"know-dances-?","Danny_H",7,0.212691037127316
"know-dances-?","Danny_H",6,0.149997894590309
"know-dances-?","Danny_H",5,0.0875875683303251
"know-dances-?","Danny_H",4,0.0295483331749159
"know-dances-?","Danny_H",3,0.00313419254254012
"know-dances-?","Danny_H",1,0.00213668184916827
"know-dances-?","Danny_H",0,0.000640416021580255
"know-dances-?","Danny_H",2,0.000640416021580255
"know-dances-?","Danny_L",9,0.271435509614804
"know-dances-?","Danny_L",8,0.233188664481518
"know-dances-?","Danny_L",7,0.156994781149849
"know-dances-?","Danny_L",6,0.0850720913422928
"know-dances-?","Danny_L",1,0.0525401435072265
"know-dances-?","Danny_L",0,0.0520594175145492
"know-dances-?","Danny_L",5,0.0520222334840046
"know-dances-?","Danny_L",2,0.0390798199426491
"know-dances-?","Danny_L",3,0.0313897803871508
"know-dances-?","Danny_L",4,0.0262175585759572
"know-dances-?","Emily_H",9,0.302971710084874
"know-dances-?","Emily_H",8,0.237909965080654
"know-dances-?","Emily_H",7,0.171818986826264
"know-dances-?","Emily_H",6,0.090857906830863
"know-dances-?","Emily_H",5,0.0899631478350355
"know-dances-?","Emily_H",4,0.0552316609470361
"know-dances-?","Emily_H",3,0.0172014947812079
"know-dances-?","Emily_H",2,0.0166997989547771
"know-dances-?","Emily_H",0,0.0106794479589613
"know-dances-?","Emily_H",1,0.00666588070032721
"know-dances-?","Emily_L",9,0.32806940867473
"know-dances-?","Emily_L",8,0.207072953393551
"know-dances-?","Emily_L",7,0.131989817603646
"know-dances-?","Emily_L",0,0.127178602104678
"know-dances-?","Emily_L",6,0.0906452510055366
"know-dances-?","Emily_L",1,0.0375320409940975
"know-dances-?","Emily_L",5,0.0298074140273934
"know-dances-?","Emily_L",2,0.0212326660947081
"know-dances-?","Emily_L",3,0.0148120808830979
"know-dances-?","Emily_L",4,0.0116597652185621
"know-dances-?","Emma_H",9,0.311329034267079
"know-dances-?","Emma_H",8,0.266329396948582
"know-dances-?","Emma_H",7,0.196803438925534
"know-dances-?","Emma_H",6,0.109858559833284
"know-dances-?","Emma_H",5,0.0626568058972617
"know-dances-?","Emma_H",4,0.029703414934148
"know-dances-?","Emma_H",3,0.0195144841383858
"know-dances-?","Emma_H",1,0.00207446215696159
"know-dances-?","Emma_H",2,0.0015907574131526
"know-dances-?","Emma_H",0,0.00013964548561115
"know-dances-?","Emma_L",9,0.311326347112094
"know-dances-?","Emma_L",8,0.20398174057748
"know-dances-?","Emma_L",7,0.157407034882112
"know-dances-?","Emma_L",6,0.0785903105747424
"know-dances-?","Emma_L",5,0.0631251873813818
"know-dances-?","Emma_L",0,0.0538568711581364
"know-dances-?","Emma_L",1,0.0470203029863525
"know-dances-?","Emma_L",3,0.0305616147367312
"know-dances-?","Emma_L",2,0.0304172085830191
"know-dances-?","Emma_L",4,0.023713382007951
"know-dances-?","Frank_H",9,0.330540149460458
"know-dances-?","Frank_H",8,0.238641785019022
"know-dances-?","Frank_H",7,0.195419767160545
"know-dances-?","Frank_H",6,0.111572428525404
"know-dances-?","Frank_H",5,0.0832176868927423
"know-dances-?","Frank_H",4,0.029813311489171
"know-dances-?","Frank_H",3,0.00501091874687035
"know-dances-?","Frank_H",2,0.00355058135793339
"know-dances-?","Frank_H",1,0.00160346476779425
"know-dances-?","Frank_H",0,0.000629906580059477
"know-dances-?","Frank_L",9,0.27198073510005
"know-dances-?","Frank_L",8,0.229929673098903
"know-dances-?","Frank_L",7,0.1575492350645
"know-dances-?","Frank_L",0,0.130313202206345
"know-dances-?","Frank_L",6,0.0789290378559541
"know-dances-?","Frank_L",5,0.0465147863532093
"know-dances-?","Frank_L",1,0.0428691361863327
"know-dances-?","Frank_L",2,0.017033389441286
"know-dances-?","Frank_L",4,0.0145502077275906
"know-dances-?","Frank_L",3,0.0103305969658294
"know-dances-?","Grace_H",9,0.341282792974998
"know-dances-?","Grace_H",8,0.282800494743025
"know-dances-?","Grace_H",7,0.18209580846009
"know-dances-?","Grace_H",6,0.121836415960014
"know-dances-?","Grace_H",5,0.0440956628201836
"know-dances-?","Grace_H",4,0.0182341530034721
"know-dances-?","Grace_H",3,0.00637297781915381
"know-dances-?","Grace_H",2,0.00204372342371158
"know-dances-?","Grace_H",1,0.00109389728070823
"know-dances-?","Grace_H",0,0.000144073514644472
"know-dances-?","Grace_L",9,0.279824197887005
"know-dances-?","Grace_L",8,0.232255428589597
"know-dances-?","Grace_L",7,0.145179407822892
"know-dances-?","Grace_L",6,0.101231639618463
"know-dances-?","Grace_L",0,0.0631124499589692
"know-dances-?","Grace_L",1,0.0539636922357084
"know-dances-?","Grace_L",2,0.0458912591456413
"know-dances-?","Grace_L",3,0.0288673651403866
"know-dances-?","Grace_L",5,0.02742089257004
"know-dances-?","Grace_L",4,0.022253667031298
"know-dances-?","Isabella_H",9,0.269124024465887
"know-dances-?","Isabella_H",8,0.231017685368216
"know-dances-?","Isabella_H",7,0.168066162188896
"know-dances-?","Isabella_H",5,0.116665969352134
"know-dances-?","Isabella_H",6,0.100799682359409
"know-dances-?","Isabella_H",4,0.0669072496933802
"know-dances-?","Isabella_H",3,0.0227942114738313
"know-dances-?","Isabella_H",2,0.0114998309612789
"know-dances-?","Isabella_H",1,0.010512383009719
"know-dances-?","Isabella_H",0,0.00261280112724788
"know-dances-?","Isabella_L",9,0.289780816615168
"know-dances-?","Isabella_L",8,0.240903834204198
"know-dances-?","Isabella_L",0,0.168499768711426
"know-dances-?","Isabella_L",7,0.145436451309576
"know-dances-?","Isabella_L",6,0.063527505996779
"know-dances-?","Isabella_L",5,0.0314689080044163
"know-dances-?","Isabella_L",1,0.022869776218567
"know-dances-?","Isabella_L",4,0.0227584910768288
"know-dances-?","Isabella_L",2,0.0109921528905926
"know-dances-?","Isabella_L",3,0.00376229497244836
"know-dances-?","Jackson_H",9,0.361876954529442
"know-dances-?","Jackson_H",8,0.261591765405022
"know-dances-?","Jackson_H",7,0.183389219785444
"know-dances-?","Jackson_H",6,0.123207666612306
"know-dances-?","Jackson_H",5,0.0446271565908299
"know-dances-?","Jackson_H",4,0.0167749612477635
"know-dances-?","Jackson_H",3,0.0049169277435529
"know-dances-?","Jackson_H",2,0.00173537475202934
"know-dances-?","Jackson_H",0,0.00120511610083863
"know-dances-?","Jackson_H",1,0.000674857232772057
"know-dances-?","Jackson_L",9,0.263959665898437
"know-dances-?","Jackson_L",8,0.257938293216097
"know-dances-?","Jackson_L",7,0.142293333560047
"know-dances-?","Jackson_L",0,0.108003657722324
"know-dances-?","Jackson_L",6,0.0930854810026442
"know-dances-?","Jackson_L",1,0.0535900092234669
"know-dances-?","Jackson_L",5,0.0330735182316877
"know-dances-?","Jackson_L",2,0.0307557102482973
"know-dances-?","Jackson_L",3,0.0118081003564629
"know-dances-?","Jackson_L",4,0.0054922305405362
"know-dances-?","Jayden_H",9,0.347661107672424
"know-dances-?","Jayden_H",8,0.232194679780027
"know-dances-?","Jayden_H",7,0.197940763040722
"know-dances-?","Jayden_H",6,0.116779523837864
"know-dances-?","Jayden_H",5,0.0670644024377493
"know-dances-?","Jayden_H",4,0.0197311671389532
"know-dances-?","Jayden_H",3,0.00633198659149708
"know-dances-?","Jayden_H",1,0.00478592733165244
"know-dances-?","Jayden_H",0,0.00375522108455539
"know-dances-?","Jayden_H",2,0.00375522108455539
"know-dances-?","Jayden_L",9,0.276878263894433
"know-dances-?","Jayden_L",8,0.22740833944304
"know-dances-?","Jayden_L",0,0.15771225947246
"know-dances-?","Jayden_L",7,0.153461655987163
"know-dances-?","Jayden_L",6,0.0915467221996877
"know-dances-?","Jayden_L",5,0.042962211625829
"know-dances-?","Jayden_L",4,0.0196593389631767
"know-dances-?","Jayden_L",1,0.017814047141418
"know-dances-?","Jayden_L",2,0.00652401609850352
"know-dances-?","Jayden_L",3,0.00603314517428899
"know-dances-?","Jon_H",9,0.345144405950914
"know-dances-?","Jon_H",8,0.237680212298971
"know-dances-?","Jon_H",7,0.203648465956851
"know-dances-?","Jon_H",6,0.122317088436336
"know-dances-?","Jon_H",5,0.0586937150198755
"know-dances-?","Jon_H",4,0.0240719639481071
"know-dances-?","Jon_H",3,0.00408487839617606
"know-dances-?","Jon_H",2,0.00211103704579317
"know-dances-?","Jon_H",0,0.00161757681108394
"know-dances-?","Jon_H",1,0.000630656135892492
"know-dances-?","Jon_L",9,0.256072553891739
"know-dances-?","Jon_L",8,0.213709834306136
"know-dances-?","Jon_L",7,0.175438765716566
"know-dances-?","Jon_L",0,0.0936634589233333
"know-dances-?","Jon_L",6,0.0877595659685965
"know-dances-?","Jon_L",1,0.0542107013035416
"know-dances-?","Jon_L",5,0.0455954831295973
"know-dances-?","Jon_L",2,0.03472785798051
"know-dances-?","Jon_L",4,0.0299086880931404
"know-dances-?","Jon_L",3,0.00891309068684046
"know-dances-?","Josh_H",9,0.282854072569124
"know-dances-?","Josh_H",8,0.22808196917278
"know-dances-?","Josh_H",7,0.196729187897688
"know-dances-?","Josh_H",6,0.121768725084417
"know-dances-?","Josh_H",5,0.0880851231958123
"know-dances-?","Josh_H",4,0.0348624653747376
"know-dances-?","Josh_H",3,0.0176031087782027
"know-dances-?","Josh_H",0,0.0117833696103637
"know-dances-?","Josh_H",2,0.00935847829043078
"know-dances-?","Josh_H",1,0.00887350002644419
"know-dances-?","Josh_L",9,0.277983944840807
"know-dances-?","Josh_L",8,0.223490888228919
"know-dances-?","Josh_L",7,0.14529708132779
"know-dances-?","Josh_L",6,0.0858963758264464
"know-dances-?","Josh_L",0,0.0774821513041573
"know-dances-?","Josh_L",5,0.050367695344165
"know-dances-?","Josh_L",1,0.0499732090787674
"know-dances-?","Josh_L",2,0.0349211461908736
"know-dances-?","Josh_L",4,0.0278238718600696
"know-dances-?","Josh_L",3,0.0267636359980049
"know-dances-?","Josie_H",9,0.305749763735482
"know-dances-?","Josie_H",8,0.263424103407915
"know-dances-?","Josie_H",7,0.209185856609188
"know-dances-?","Josie_H",6,0.118844862462036
"know-dances-?","Josie_H",5,0.0608194123810603
"know-dances-?","Josie_H",4,0.0284741037368542
"know-dances-?","Josie_H",3,0.0089140856997476
"know-dances-?","Josie_H",1,0.00199240103638829
"know-dances-?","Josie_H",0,0.00152927072583825
"know-dances-?","Josie_H",2,0.00106614020549012
"know-dances-?","Josie_L",9,0.280553444108508
"know-dances-?","Josie_L",8,0.204074012345001
"know-dances-?","Josie_L",0,0.159137578507572
"know-dances-?","Josie_L",7,0.158659707231966
"know-dances-?","Josie_L",6,0.0851358717179118
"know-dances-?","Josie_L",5,0.0588571348365624
"know-dances-?","Josie_L",4,0.0212630510573197
"know-dances-?","Josie_L",1,0.020900337138693
"know-dances-?","Josie_L",2,0.00672215856893016
"know-dances-?","Josie_L",3,0.00469670448753547
"know-dances-?","Julian_H",9,0.299992015884832
"know-dances-?","Julian_H",8,0.256016126163834
"know-dances-?","Julian_H",7,0.185357531701421
"know-dances-?","Julian_H",6,0.10482589327633
"know-dances-?","Julian_H",5,0.0828347005788128
"know-dances-?","Julian_H",4,0.0488260279107531
"know-dances-?","Julian_H",3,0.0106798006990942
"know-dances-?","Julian_H",2,0.00666584940557347
"know-dances-?","Julian_H",1,0.0046588736514399
"know-dances-?","Julian_H",0,0.000143180727909456
"know-dances-?","Julian_L",9,0.263119149618378
"know-dances-?","Julian_L",8,0.243365756437013
"know-dances-?","Julian_L",7,0.149355411671231
"know-dances-?","Julian_L",6,0.0995987376009734
"know-dances-?","Julian_L",5,0.0601796253729448
"know-dances-?","Julian_L",4,0.0462256441070727
"know-dances-?","Julian_L",3,0.0448315042086414
"know-dances-?","Julian_L",2,0.042321117549961
"know-dances-?","Julian_L",1,0.0312754160318575
"know-dances-?","Julian_L",0,0.0197276374019277
"know-dances-?","Mary_H",9,0.40842078588146
"know-dances-?","Mary_H",8,0.258135669458876
"know-dances-?","Mary_H",7,0.167192632562822
"know-dances-?","Mary_H",6,0.0929996638760036
"know-dances-?","Mary_H",5,0.0425762194068605
"know-dances-?","Mary_H",4,0.0182838082489787
"know-dances-?","Mary_H",0,0.00556132263950556
"know-dances-?","Mary_H",3,0.00359050859843
"know-dances-?","Mary_H",2,0.00211239812071212
"know-dances-?","Mary_H",1,0.00112699120635194
"know-dances-?","Mary_L",9,0.26265743211542
"know-dances-?","Mary_L",8,0.21891690665206
"know-dances-?","Mary_L",7,0.172258684745406
"know-dances-?","Mary_L",0,0.102127054601313
"know-dances-?","Mary_L",6,0.0854307927947928
"know-dances-?","Mary_L",1,0.0464545399743737
"know-dances-?","Mary_L",5,0.040683442548463
"know-dances-?","Mary_L",3,0.0292558526813218
"know-dances-?","Mary_L",2,0.0262547779409465
"know-dances-?","Mary_L",4,0.0159605159459037
"know-dances-?","Mia_H",9,0.288047851864254
"know-dances-?","Mia_H",8,0.235803935163864
"know-dances-?","Mia_H",7,0.182060131137427
"know-dances-?","Mia_H",6,0.105895306167323
"know-dances-?","Mia_H",5,0.0952403124022638
"know-dances-?","Mia_H",4,0.04468696748764
"know-dances-?","Mia_H",3,0.0276707439786313
"know-dances-?","Mia_H",2,0.0116709265180595
"know-dances-?","Mia_H",1,0.00542311445651786
"know-dances-?","Mia_H",0,0.00350071082401888
"know-dances-?","Mia_L",9,0.291902304965004
"know-dances-?","Mia_L",8,0.216651395955755
"know-dances-?","Mia_L",7,0.14574326869822
"know-dances-?","Mia_L",0,0.112123742074258
"know-dances-?","Mia_L",6,0.086515264296566
"know-dances-?","Mia_L",5,0.0473108451584079
"know-dances-?","Mia_L",1,0.0336869033938099
"know-dances-?","Mia_L",3,0.0268255602552787
"know-dances-?","Mia_L",4,0.0202016550541859
"know-dances-?","Mia_L",2,0.0190390601485133
"know-dances-?","Olivia_H",9,0.330917936281182
"know-dances-?","Olivia_H",8,0.247792972599686
"know-dances-?","Olivia_H",7,0.211278018077151
"know-dances-?","Olivia_H",6,0.124466801645414
"know-dances-?","Olivia_H",5,0.0550340677055159
"know-dances-?","Olivia_H",4,0.00872743684687667
"know-dances-?","Olivia_H",0,0.00721278527904523
"know-dances-?","Olivia_H",2,0.00670790127870464
"know-dances-?","Olivia_H",3,0.00620301749495923
"know-dances-?","Olivia_H",1,0.00165906279146493
"know-dances-?","Olivia_L",9,0.2926188481266
"know-dances-?","Olivia_L",8,0.212420150151293
"know-dances-?","Olivia_L",7,0.160116075990113
"know-dances-?","Olivia_L",0,0.109781175622078
"know-dances-?","Olivia_L",6,0.0793739596643164
"know-dances-?","Olivia_L",1,0.0502915379301318
"know-dances-?","Olivia_L",5,0.0415281238946595
"know-dances-?","Olivia_L",2,0.0198092442971094
"know-dances-?","Olivia_L",3,0.0177907419536203
"know-dances-?","Olivia_L",4,0.0162701423700786
"know-dances-?","Owen_H",9,0.339926977748502
"know-dances-?","Owen_H",8,0.258494356180053
"know-dances-?","Owen_H",7,0.192088193488146
"know-dances-?","Owen_H",6,0.106422197822255
"know-dances-?","Owen_H",5,0.0630497087181706
"know-dances-?","Owen_H",4,0.0288780683574831
"know-dances-?","Owen_H",3,0.00785450034470534
"know-dances-?","Owen_H",0,0.0015725260361626
"know-dances-?","Owen_H",1,0.00109533251736074
"know-dances-?","Owen_H",2,0.000618138787162118
"know-dances-?","Owen_L",9,0.275567526336919
"know-dances-?","Owen_L",8,0.246624778318381
"know-dances-?","Owen_L",7,0.145421583549088
"know-dances-?","Owen_L",0,0.0862924284672334
"know-dances-?","Owen_L",6,0.081756898266339
"know-dances-?","Owen_L",5,0.0569090928325727
"know-dances-?","Owen_L",1,0.0470412624620226
"know-dances-?","Owen_L",2,0.027160801671274
"know-dances-?","Owen_L",4,0.0193184668801858
"know-dances-?","Owen_L",3,0.0139071612159838
"know-dances-?","Sophia_H",9,0.277686065223503
"know-dances-?","Sophia_H",8,0.248207881713572
"know-dances-?","Sophia_H",7,0.21813886181042
"know-dances-?","Sophia_H",6,0.120110189570683
"know-dances-?","Sophia_H",5,0.0803340058126044
"know-dances-?","Sophia_H",4,0.0382553730614595
"know-dances-?","Sophia_H",3,0.00701721305396306
"know-dances-?","Sophia_H",2,0.0055443181542714
"know-dances-?","Sophia_H",0,0.00259852835488808
"know-dances-?","Sophia_H",1,0.00210756324463512
"know-dances-?","Sophia_L",9,0.289737797379206
"know-dances-?","Sophia_L",8,0.204478629791139
"know-dances-?","Sophia_L",7,0.168581402235066
"know-dances-?","Sophia_L",6,0.0908039584167068
"know-dances-?","Sophia_L",5,0.065630558804482
"know-dances-?","Sophia_L",4,0.0585014554279591
"know-dances-?","Sophia_L",2,0.0318237142642689
"know-dances-?","Sophia_L",1,0.0313208482457435
"know-dances-?","Sophia_L",3,0.0313208482457435
"know-dances-?","Sophia_L",0,0.027800787189685
"know-dances-?","Tony_H",9,0.312978712387947
"know-dances-?","Tony_H",8,0.284252168973
"know-dances-?","Tony_H",7,0.200137487445109
"know-dances-?","Tony_H",6,0.112291452909626
"know-dances-?","Tony_H",5,0.052808968961517
"know-dances-?","Tony_H",4,0.0317207469767632
"know-dances-?","Tony_H",2,0.00328142853467834
"know-dances-?","Tony_H",3,0.00171387412451415
"know-dances-?","Tony_H",1,0.000668837777918822
"know-dances-?","Tony_H",0,0.000146321908926186
"know-dances-?","Tony_L",9,0.270920538205152
"know-dances-?","Tony_L",8,0.233008786772855
"know-dances-?","Tony_L",7,0.171389446229173
"know-dances-?","Tony_L",0,0.110057535208835
"know-dances-?","Tony_L",6,0.101090876146564
"know-dances-?","Tony_L",1,0.0426274976752816
"know-dances-?","Tony_L",5,0.0353927411347818
"know-dances-?","Tony_L",2,0.0199968686033655
"know-dances-?","Tony_L",3,0.00983617806690844
"know-dances-?","Tony_L",4,0.00567953195708373
"know-dances-?","Zoe_H",9,0.351915947146992
"know-dances-?","Zoe_H",8,0.274906124956851
"know-dances-?","Zoe_H",7,0.193129099094225
"know-dances-?","Zoe_H",6,0.117311933273697
"know-dances-?","Zoe_H",5,0.0499386392219341
"know-dances-?","Zoe_H",4,0.00667675830379118
"know-dances-?","Zoe_H",3,0.00316215440246114
"know-dances-?","Zoe_H",2,0.00165589542729643
"know-dances-?","Zoe_H",0,0.00115380925186323
"know-dances-?","Zoe_H",1,0.000149638920889952
"know-dances-?","Zoe_L",9,0.267649145853486
"know-dances-?","Zoe_L",8,0.220214584586038
"know-dances-?","Zoe_L",7,0.166055163031453
"know-dances-?","Zoe_L",0,0.12397795224747
"know-dances-?","Zoe_L",6,0.0910116007605979
"know-dances-?","Zoe_L",1,0.0412504027705543
"know-dances-?","Zoe_L",5,0.0374171267521987
"know-dances-?","Zoe_L",2,0.021210810028086
"know-dances-?","Zoe_L",4,0.0168679731108636
"know-dances-?","Zoe_L",3,0.0143452408592519
"know-doesnt_dance-?","Charley_H",9,0.310715469716447
"know-doesnt_dance-?","Charley_H",8,0.163494486353205
"know-doesnt_dance-?","Charley_H",0,0.118765718302825
"know-doesnt_dance-?","Charley_H",7,0.103339676418562
"know-doesnt_dance-?","Charley_H",1,0.0866071844770269
"know-doesnt_dance-?","Charley_H",2,0.0803920570295552
"know-doesnt_dance-?","Charley_H",3,0.0416955652007027
"know-doesnt_dance-?","Charley_H",6,0.0416018447499319
"know-doesnt_dance-?","Charley_H",4,0.0298582068731162
"know-doesnt_dance-?","Charley_H",5,0.0235297908786268
"know-doesnt_dance-?","Charley_L",0,0.254322528255389
"know-doesnt_dance-?","Charley_L",1,0.248975921214963
"know-doesnt_dance-?","Charley_L",2,0.180276979208609
"know-doesnt_dance-?","Charley_L",3,0.144290319128968
"know-doesnt_dance-?","Charley_L",4,0.0846934232885914
"know-doesnt_dance-?","Charley_L",5,0.0485411164663427
"know-doesnt_dance-?","Charley_L",7,0.0151847634872833
"know-doesnt_dance-?","Charley_L",6,0.0125155655822254
"know-doesnt_dance-?","Charley_L",8,0.00781163112840425
"know-doesnt_dance-?","Charley_L",9,0.00338775223922349
"know-doesnt_dance-?","Danny_H",7,0.150478825183016
"know-doesnt_dance-?","Danny_H",5,0.145098121426409
"know-doesnt_dance-?","Danny_H",6,0.13143412700818
"know-doesnt_dance-?","Danny_H",0,0.130872471774638
"know-doesnt_dance-?","Danny_H",1,0.103471608101086
"know-doesnt_dance-?","Danny_H",8,0.102528059695874
"know-doesnt_dance-?","Danny_H",9,0.0731388812102679
"know-doesnt_dance-?","Danny_H",4,0.0578544414520424
"know-doesnt_dance-?","Danny_H",2,0.0525896308004234
"know-doesnt_dance-?","Danny_H",3,0.0525338333480619
"know-doesnt_dance-?","Danny_L",0,0.298324653729552
"know-doesnt_dance-?","Danny_L",1,0.261659459080963
"know-doesnt_dance-?","Danny_L",2,0.177794431979385
"know-doesnt_dance-?","Danny_L",3,0.11490217046774
"know-doesnt_dance-?","Danny_L",4,0.0573623581254655
"know-doesnt_dance-?","Danny_L",5,0.0447706728587453
"know-doesnt_dance-?","Danny_L",6,0.0174920942400015
"know-doesnt_dance-?","Danny_L",8,0.0112965634395372
"know-doesnt_dance-?","Danny_L",7,0.00974768090979824
"know-doesnt_dance-?","Danny_L",9,0.00664991516881189
"know-doesnt_dance-?","Emily_H",5,0.179110911611104
"know-doesnt_dance-?","Emily_H",0,0.163525043668078
"know-doesnt_dance-?","Emily_H",4,0.139095724932639
"know-doesnt_dance-?","Emily_H",2,0.107013695324558
"know-doesnt_dance-?","Emily_H",1,0.102531687498905
"know-doesnt_dance-?","Emily_H",6,0.0938769616719742
"know-doesnt_dance-?","Emily_H",3,0.0856875371722811
"know-doesnt_dance-?","Emily_H",7,0.0588307631114326
"know-doesnt_dance-?","Emily_H",9,0.0398972224902071
"know-doesnt_dance-?","Emily_H",8,0.0304304525188203
"know-doesnt_dance-?","Emily_L",0,0.528899501375039
"know-doesnt_dance-?","Emily_L",1,0.220752837561871
"know-doesnt_dance-?","Emily_L",2,0.126901572639701
"know-doesnt_dance-?","Emily_L",3,0.0507000675627317
"know-doesnt_dance-?","Emily_L",4,0.0259491167072815
"know-doesnt_dance-?","Emily_L",5,0.0244310531990604
"know-doesnt_dance-?","Emily_L",6,0.00720327612785124
"know-doesnt_dance-?","Emily_L",7,0.0065900952647822
"know-doesnt_dance-?","Emily_L",8,0.00505419160882124
"know-doesnt_dance-?","Emily_L",9,0.00351828795286029
"know-doesnt_dance-?","Emma_H",7,0.142429521804093
"know-doesnt_dance-?","Emma_H",6,0.138723690605093
"know-doesnt_dance-?","Emma_H",8,0.13008308877769
"know-doesnt_dance-?","Emma_H",0,0.119871263758011
"know-doesnt_dance-?","Emma_H",5,0.114215347171268
"know-doesnt_dance-?","Emma_H",1,0.103384715469484
"know-doesnt_dance-?","Emma_H",9,0.0945870945785613
"know-doesnt_dance-?","Emma_H",2,0.0623813074572199
"know-doesnt_dance-?","Emma_H",3,0.0503308321441436
"know-doesnt_dance-?","Emma_H",4,0.0439931382344366
"know-doesnt_dance-?","Emma_L",0,0.290072738823879
"know-doesnt_dance-?","Emma_L",1,0.238052892002891
"know-doesnt_dance-?","Emma_L",2,0.155507624351701
"know-doesnt_dance-?","Emma_L",3,0.101711040401988
"know-doesnt_dance-?","Emma_L",5,0.0698282148277989
"know-doesnt_dance-?","Emma_L",4,0.066810470320984
"know-doesnt_dance-?","Emma_L",6,0.0398361545792534
"know-doesnt_dance-?","Emma_L",7,0.0188687922194327
"know-doesnt_dance-?","Emma_L",9,0.0127269551187863
"know-doesnt_dance-?","Emma_L",8,0.00658511735328604
"know-doesnt_dance-?","Frank_H",5,0.169334568789521
"know-doesnt_dance-?","Frank_H",0,0.129228464259416
"know-doesnt_dance-?","Frank_H",6,0.123872697618851
"know-doesnt_dance-?","Frank_H",7,0.113335980715491
"know-doesnt_dance-?","Frank_H",1,0.0980887192376982
"know-doesnt_dance-?","Frank_H",8,0.0937677923703397
"know-doesnt_dance-?","Frank_H",4,0.0841521931164937
"know-doesnt_dance-?","Frank_H",2,0.0688413092207331
"know-doesnt_dance-?","Frank_H",9,0.0666733780449674
"know-doesnt_dance-?","Frank_H",3,0.052704896626489
"know-doesnt_dance-?","Frank_L",0,0.535193612469585
"know-doesnt_dance-?","Frank_L",1,0.231923305609401
"know-doesnt_dance-?","Frank_L",2,0.115703428950088
"know-doesnt_dance-?","Frank_L",3,0.0498676462950652
"know-doesnt_dance-?","Frank_L",4,0.0223900049801472
"know-doesnt_dance-?","Frank_L",5,0.0117119790802255
"know-doesnt_dance-?","Frank_L",8,0.0114453928804252
"know-doesnt_dance-?","Frank_L",7,0.00987394926714858
"know-doesnt_dance-?","Frank_L",9,0.00673106204059539
"know-doesnt_dance-?","Frank_L",6,0.00515961842731879
"know-doesnt_dance-?","Grace_H",9,0.223223213614996
"know-doesnt_dance-?","Grace_H",8,0.161665972091618
"know-doesnt_dance-?","Grace_H",7,0.136749945252636
"know-doesnt_dance-?","Grace_H",0,0.132166497251807
"know-doesnt_dance-?","Grace_H",1,0.0859068883054526
"know-doesnt_dance-?","Grace_H",6,0.0737270552485817
"know-doesnt_dance-?","Grace_H",2,0.0732553967990312
"know-doesnt_dance-?","Grace_H",5,0.0507188215687352
"know-doesnt_dance-?","Grace_H",3,0.0351473792876954
"know-doesnt_dance-?","Grace_H",4,0.027438830579447
"know-doesnt_dance-?","Grace_L",0,0.321965007804422
"know-doesnt_dance-?","Grace_L",1,0.254372908472851
"know-doesnt_dance-?","Grace_L",2,0.197566401285954
"know-doesnt_dance-?","Grace_L",3,0.0925563393941823
"know-doesnt_dance-?","Grace_L",4,0.0512374198911374
"know-doesnt_dance-?","Grace_L",6,0.029734043704284
"know-doesnt_dance-?","Grace_L",5,0.0212972091025918
"know-doesnt_dance-?","Grace_L",7,0.0187304672461461
"know-doesnt_dance-?","Grace_L",8,0.00710079259567711
"know-doesnt_dance-?","Grace_L",9,0.00543941050275299
"know-doesnt_dance-?","Isabella_H",5,0.266594585098719
"know-doesnt_dance-?","Isabella_H",4,0.178430387157531
"know-doesnt_dance-?","Isabella_H",1,0.131709984250544
"know-doesnt_dance-?","Isabella_H",0,0.127772038529773
"know-doesnt_dance-?","Isabella_H",2,0.085608304634959
"know-doesnt_dance-?","Isabella_H",3,0.0735466647804461
"know-doesnt_dance-?","Isabella_H",6,0.0625130280148273
"know-doesnt_dance-?","Isabella_H",7,0.0359163485104701
"know-doesnt_dance-?","Isabella_H",8,0.025122336174532
"know-doesnt_dance-?","Isabella_H",9,0.012786322848199
"know-doesnt_dance-?","Isabella_L",0,0.636373264894772
"know-doesnt_dance-?","Isabella_L",1,0.170874223447097
"know-doesnt_dance-?","Isabella_L",2,0.0839312205310725
"know-doesnt_dance-?","Isabella_L",3,0.0421743079927389
"know-doesnt_dance-?","Isabella_L",4,0.0255974010246107
"know-doesnt_dance-?","Isabella_L",5,0.0117016094195871
"know-doesnt_dance-?","Isabella_L",6,0.0109948308894055
"know-doesnt_dance-?","Isabella_L",9,0.00818170496241266
"know-doesnt_dance-?","Isabella_L",7,0.00508571841915259
"know-doesnt_dance-?","Isabella_L",8,0.00508571841915259
"know-doesnt_dance-?","Jackson_H",9,0.219887889366763
"know-doesnt_dance-?","Jackson_H",8,0.160933504893528
"know-doesnt_dance-?","Jackson_H",0,0.129211128687431
"know-doesnt_dance-?","Jackson_H",7,0.126543447507403
"know-doesnt_dance-?","Jackson_H",1,0.0978569342434297
"know-doesnt_dance-?","Jackson_H",6,0.0839652810922414
"know-doesnt_dance-?","Jackson_H",2,0.0588190651387475
"know-doesnt_dance-?","Jackson_H",5,0.0544514156832188
"know-doesnt_dance-?","Jackson_H",3,0.0429653938589198
"know-doesnt_dance-?","Jackson_H",4,0.0253659395283168
"know-doesnt_dance-?","Jackson_L",0,0.45138496743937
"know-doesnt_dance-?","Jackson_L",1,0.254161120720331
"know-doesnt_dance-?","Jackson_L",2,0.151188184142546
"know-doesnt_dance-?","Jackson_L",3,0.0714584943146598
"know-doesnt_dance-?","Jackson_L",4,0.0293283169123345
"know-doesnt_dance-?","Jackson_L",5,0.0144685436857211
"know-doesnt_dance-?","Jackson_L",6,0.0121036559514314
"know-doesnt_dance-?","Jackson_L",7,0.0106462094499537
"know-doesnt_dance-?","Jackson_L",8,0.0048164207798297
"know-doesnt_dance-?","Jackson_L",9,0.00044408660382294
"know-doesnt_dance-?","Jayden_H",0,0.144238840763184
"know-doesnt_dance-?","Jayden_H",7,0.135359516777912
"know-doesnt_dance-?","Jayden_H",6,0.133778494595747
"know-doesnt_dance-?","Jayden_H",5,0.119532000318671
"know-doesnt_dance-?","Jayden_H",1,0.106469675969122
"know-doesnt_dance-?","Jayden_H",8,0.105553869022176
"know-doesnt_dance-?","Jayden_H",9,0.0741795039220762
"know-doesnt_dance-?","Jayden_H",4,0.0702462564502076
"know-doesnt_dance-?","Jayden_H",2,0.065235141041022
"know-doesnt_dance-?","Jayden_H",3,0.0454067011398818
"know-doesnt_dance-?","Jayden_L",0,0.614010587214552
"know-doesnt_dance-?","Jayden_L",1,0.144565143541715
"know-doesnt_dance-?","Jayden_L",2,0.0827584073258274
"know-doesnt_dance-?","Jayden_L",3,0.052629502755406
"know-doesnt_dance-?","Jayden_L",4,0.0342192742876372
"know-doesnt_dance-?","Jayden_L",5,0.0224688113828793
"know-doesnt_dance-?","Jayden_L",6,0.020392292833573
"know-doesnt_dance-?","Jayden_L",7,0.011186322021485
"know-doesnt_dance-?","Jayden_L",9,0.00965199355280364
"know-doesnt_dance-?","Jayden_L",8,0.00811766508412229
"know-doesnt_dance-?","Jon_H",9,0.176833119502416
"know-doesnt_dance-?","Jon_H",8,0.172022556619642
"know-doesnt_dance-?","Jon_H",7,0.149573264726924
"know-doesnt_dance-?","Jon_H",0,0.133475500836345
"know-doesnt_dance-?","Jon_H",1,0.0933494202194549
"know-doesnt_dance-?","Jon_H",6,0.0854324294103931
"know-doesnt_dance-?","Jon_H",2,0.0656783008071038
"know-doesnt_dance-?","Jon_H",5,0.0505994500333918
"know-doesnt_dance-?","Jon_H",3,0.0432319662527357
"know-doesnt_dance-?","Jon_H",4,0.0298039915915925
"know-doesnt_dance-?","Jon_L",0,0.417602623853323
"know-doesnt_dance-?","Jon_L",1,0.26999732029843
"know-doesnt_dance-?","Jon_L",2,0.152108087938311
"know-doesnt_dance-?","Jon_L",3,0.0595231993159795
"know-doesnt_dance-?","Jon_L",4,0.0321371330264592
"know-doesnt_dance-?","Jon_L",5,0.0209091916896088
"know-doesnt_dance-?","Jon_L",7,0.0167476980629971
"know-doesnt_dance-?","Jon_L",6,0.0152655176747969
"know-doesnt_dance-?","Jon_L",8,0.00933679479099733
"know-doesnt_dance-?","Jon_L",9,0.00637243334909756
"know-doesnt_dance-?","Josh_H",5,0.1930798199108
"know-doesnt_dance-?","Josh_H",0,0.164444621767721
"know-doesnt_dance-?","Josh_H",1,0.126104835211393
"know-doesnt_dance-?","Josh_H",6,0.109320683619077
"know-doesnt_dance-?","Josh_H",4,0.0926498898157264
"know-doesnt_dance-?","Josh_H",3,0.0901950579577739
"know-doesnt_dance-?","Josh_H",7,0.0806957918728088
"know-doesnt_dance-?","Josh_H",2,0.080206967398482
"know-doesnt_dance-?","Josh_H",8,0.0420545715236664
"know-doesnt_dance-?","Josh_H",9,0.0212477609225524
"know-doesnt_dance-?","Josh_L",0,0.348858325322712
"know-doesnt_dance-?","Josh_L",1,0.254977520875959
"know-doesnt_dance-?","Josh_L",2,0.167199073209782
"know-doesnt_dance-?","Josh_L",3,0.096953069311299
"know-doesnt_dance-?","Josh_L",4,0.0546321559030928
"know-doesnt_dance-?","Josh_L",5,0.035545189042978
"know-doesnt_dance-?","Josh_L",6,0.0180854628794968
"know-doesnt_dance-?","Josh_L",7,0.0132501538880366
"know-doesnt_dance-?","Josh_L",9,0.0068496507389951
"know-doesnt_dance-?","Josh_L",8,0.00364939882764785
"know-doesnt_dance-?","Josie_H",7,0.14475443036693
"know-doesnt_dance-?","Josie_H",8,0.128719524665032
"know-doesnt_dance-?","Josie_H",0,0.128205037350676
"know-doesnt_dance-?","Josie_H",9,0.125804087204655
"know-doesnt_dance-?","Josie_H",6,0.11851549322354
"know-doesnt_dance-?","Josie_H",1,0.104878532677342
"know-doesnt_dance-?","Josie_H",5,0.0800745287883087
"know-doesnt_dance-?","Josie_H",2,0.0681008708911246
"know-doesnt_dance-?","Josie_H",4,0.0618725020852341
"know-doesnt_dance-?","Josie_H",3,0.0390749927471577
"know-doesnt_dance-?","Josie_L",0,0.614848426363025
"know-doesnt_dance-?","Josie_L",1,0.173949759579321
"know-doesnt_dance-?","Josie_L",2,0.0865914487864369
"know-doesnt_dance-?","Josie_L",3,0.0496887354429332
"know-doesnt_dance-?","Josie_L",4,0.0314426104133794
"know-doesnt_dance-?","Josie_L",5,0.0174043562476752
"know-doesnt_dance-?","Josie_L",7,0.0101623136480393
"know-doesnt_dance-?","Josie_L",6,0.0069235154792986
"know-doesnt_dance-?","Josie_L",9,0.00530411672933417
"know-doesnt_dance-?","Josie_L",8,0.00368471731055792
"know-doesnt_dance-?","Julian_H",5,0.188711055927457
"know-doesnt_dance-?","Julian_H",0,0.131177275561747
"know-doesnt_dance-?","Julian_H",4,0.116882611330222
"know-doesnt_dance-?","Julian_H",6,0.114012473869954
"know-doesnt_dance-?","Julian_H",7,0.103997786810603
"know-doesnt_dance-?","Julian_H",1,0.103457927740123
"know-doesnt_dance-?","Julian_H",2,0.0791934140973069
"know-doesnt_dance-?","Julian_H",3,0.0674023428907271
"know-doesnt_dance-?","Julian_H",8,0.0499009900969538
"know-doesnt_dance-?","Julian_H",9,0.0452641216749071
"know-doesnt_dance-?","Julian_L",1,0.188553122945217
"know-doesnt_dance-?","Julian_L",2,0.188410642070426
"know-doesnt_dance-?","Julian_L",0,0.182870726793387
"know-doesnt_dance-?","Julian_L",3,0.166630213469191
"know-doesnt_dance-?","Julian_L",4,0.130047771521436
"know-doesnt_dance-?","Julian_L",5,0.0970175399485931
"know-doesnt_dance-?","Julian_L",7,0.0189342408967212
"know-doesnt_dance-?","Julian_L",6,0.00969203658036258
"know-doesnt_dance-?","Julian_L",8,0.00969203658036258
"know-doesnt_dance-?","Julian_L",9,0.00815166919430282
"know-doesnt_dance-?","Mary_H",9,0.386246587986335
"know-doesnt_dance-?","Mary_H",8,0.132676719052526
"know-doesnt_dance-?","Mary_H",0,0.123645252091035
"know-doesnt_dance-?","Mary_H",1,0.108504764288423
"know-doesnt_dance-?","Mary_H",2,0.0767001230192052
"know-doesnt_dance-?","Mary_H",7,0.0642284108699607
"know-doesnt_dance-?","Mary_H",3,0.0375505382063035
"know-doesnt_dance-?","Mary_H",4,0.0239462228518924
"know-doesnt_dance-?","Mary_H",5,0.0232633123334017
"know-doesnt_dance-?","Mary_H",6,0.0232380693009182
"know-doesnt_dance-?","Mary_L",0,0.452411242561476
"know-doesnt_dance-?","Mary_L",1,0.239571302968513
"know-doesnt_dance-?","Mary_L",2,0.139185199643917
"know-doesnt_dance-?","Mary_L",3,0.0776410612785583
"know-doesnt_dance-?","Mary_L",4,0.0323625471306357
"know-doesnt_dance-?","Mary_L",5,0.0213400811673361
"know-doesnt_dance-?","Mary_L",6,0.0131174447244732
"know-doesnt_dance-?","Mary_L",7,0.0111950346129453
"know-doesnt_dance-?","Mary_L",8,0.0081237068416964
"know-doesnt_dance-?","Mary_L",9,0.00505237907044754
"know-doesnt_dance-?","Mia_H",5,0.204079442219401
"know-doesnt_dance-?","Mia_H",0,0.127179344854258
"know-doesnt_dance-?","Mia_H",4,0.120395127207433
"know-doesnt_dance-?","Mia_H",1,0.117779215135512
"know-doesnt_dance-?","Mia_H",6,0.108770184335981
"know-doesnt_dance-?","Mia_H",2,0.103837010730197
"know-doesnt_dance-?","Mia_H",3,0.0813321841244459
"know-doesnt_dance-?","Mia_H",7,0.0766464807718928
"know-doesnt_dance-?","Mia_H",8,0.0377665011102631
"know-doesnt_dance-?","Mia_H",9,0.0222145095106171
"know-doesnt_dance-?","Mia_L",0,0.486894414431588
"know-doesnt_dance-?","Mia_L",1,0.210071100347073
"know-doesnt_dance-?","Mia_L",2,0.115836222389763
"know-doesnt_dance-?","Mia_L",3,0.0709682229211162
"know-doesnt_dance-?","Mia_L",4,0.0400601357397648
"know-doesnt_dance-?","Mia_L",5,0.0365460462551683
"know-doesnt_dance-?","Mia_L",7,0.0155830711209211
"know-doesnt_dance-?","Mia_L",6,0.0125552806897954
"know-doesnt_dance-?","Mia_L",8,0.00801359537616393
"know-doesnt_dance-?","Mia_L",9,0.00347191072864622
"know-doesnt_dance-?","Olivia_H",7,0.168440066896518
"know-doesnt_dance-?","Olivia_H",0,0.16506150683241
"know-doesnt_dance-?","Olivia_H",8,0.130257518185548
"know-doesnt_dance-?","Olivia_H",6,0.11345719643822
"know-doesnt_dance-?","Olivia_H",9,0.107347988827924
"know-doesnt_dance-?","Olivia_H",1,0.102601703672212
"know-doesnt_dance-?","Olivia_H",2,0.0756017151709107
"know-doesnt_dance-?","Olivia_H",5,0.0535450373212408
"know-doesnt_dance-?","Olivia_H",3,0.046552623920867
"know-doesnt_dance-?","Olivia_H",4,0.0371346427341489
"know-doesnt_dance-?","Olivia_L",0,0.482475710382615
"know-doesnt_dance-?","Olivia_L",1,0.248917622720134
"know-doesnt_dance-?","Olivia_L",2,0.112147355376693
"know-doesnt_dance-?","Olivia_L",3,0.0563827135502058
"know-doesnt_dance-?","Olivia_L",4,0.0349113432395247
"know-doesnt_dance-?","Olivia_L",5,0.0204003780292508
"know-doesnt_dance-?","Olivia_L",7,0.0188655179128551
"know-doesnt_dance-?","Olivia_L",8,0.0142609389051353
"know-doesnt_dance-?","Olivia_L",6,0.00658663966462399
"know-doesnt_dance-?","Olivia_L",9,0.00505178021896197
"know-doesnt_dance-?","Owen_H",9,0.220668838282484
"know-doesnt_dance-?","Owen_H",8,0.147768340481163
"know-doesnt_dance-?","Owen_H",7,0.128024456066462
"know-doesnt_dance-?","Owen_H",0,0.118593808828767
"know-doesnt_dance-?","Owen_H",1,0.10012576681632
"know-doesnt_dance-?","Owen_H",6,0.0730909964860635
"know-doesnt_dance-?","Owen_H",5,0.0729273097599745
"know-doesnt_dance-?","Owen_H",2,0.0637059177801438
"know-doesnt_dance-?","Owen_H",3,0.0423981927109822
"know-doesnt_dance-?","Owen_H",4,0.0326963727876409
"know-doesnt_dance-?","Owen_L",0,0.399359885728574
"know-doesnt_dance-?","Owen_L",1,0.241286225016407
"know-doesnt_dance-?","Owen_L",2,0.144218143579853
"know-doesnt_dance-?","Owen_L",3,0.0667303198519607
"know-doesnt_dance-?","Owen_L",4,0.0430455453018772
"know-doesnt_dance-?","Owen_L",5,0.0379608659161143
"know-doesnt_dance-?","Owen_L",8,0.0238821865567252
"know-doesnt_dance-?","Owen_L",6,0.0207566610413318
"know-doesnt_dance-?","Owen_L",9,0.0129428465917996
"know-doesnt_dance-?","Owen_L",7,0.0098173204153575
"know-doesnt_dance-?","Sophia_H",5,0.157399200796885
"know-doesnt_dance-?","Sophia_H",6,0.142012061204022
"know-doesnt_dance-?","Sophia_H",0,0.13479729635623
"know-doesnt_dance-?","Sophia_H",7,0.120470065909112
"know-doesnt_dance-?","Sophia_H",1,0.107975492530082
"know-doesnt_dance-?","Sophia_H",4,0.0862946088207013
"know-doesnt_dance-?","Sophia_H",2,0.0761002153797908
"know-doesnt_dance-?","Sophia_H",8,0.0712312182662559
"know-doesnt_dance-?","Sophia_H",9,0.0543053642412594
"know-doesnt_dance-?","Sophia_H",3,0.0494144764956612
"know-doesnt_dance-?","Sophia_L",0,0.209197075030021
"know-doesnt_dance-?","Sophia_L",1,0.191148235930543
"know-doesnt_dance-?","Sophia_L",2,0.160411294497416
"know-doesnt_dance-?","Sophia_L",3,0.124778306606892
"know-doesnt_dance-?","Sophia_L",4,0.123921973510159
"know-doesnt_dance-?","Sophia_L",5,0.0921361301434029
"know-doesnt_dance-?","Sophia_L",6,0.0390640075806987
"know-doesnt_dance-?","Sophia_L",7,0.0208261104814672
"know-doesnt_dance-?","Sophia_L",8,0.0192584331097
"know-doesnt_dance-?","Sophia_L",9,0.0192584331097
"know-doesnt_dance-?","Tony_H",8,0.173760540441695
"know-doesnt_dance-?","Tony_H",7,0.158145829955526
"know-doesnt_dance-?","Tony_H",0,0.121070917055442
"know-doesnt_dance-?","Tony_H",6,0.110746061372159
"know-doesnt_dance-?","Tony_H",1,0.104616429059356
"know-doesnt_dance-?","Tony_H",9,0.0956869886666648
"know-doesnt_dance-?","Tony_H",5,0.0773015291092212
"know-doesnt_dance-?","Tony_H",2,0.0710939946589133
"know-doesnt_dance-?","Tony_H",4,0.0495575975266006
"know-doesnt_dance-?","Tony_H",3,0.0380201121544224
"know-doesnt_dance-?","Tony_L",0,0.488640613751335
"know-doesnt_dance-?","Tony_L",1,0.224896143985258
"know-doesnt_dance-?","Tony_L",2,0.119526201737643
"know-doesnt_dance-?","Tony_L",3,0.0708728759133867
"know-doesnt_dance-?","Tony_L",4,0.0301128129986302
"know-doesnt_dance-?","Tony_L",5,0.0257911740758136
"know-doesnt_dance-?","Tony_L",6,0.0137326690113703
"know-doesnt_dance-?","Tony_L",9,0.0107785691781081
"know-doesnt_dance-?","Tony_L",7,0.00930151959085906
"know-doesnt_dance-?","Tony_L",8,0.0063474197575968
"know-doesnt_dance-?","Zoe_H",9,0.16803234389082
"know-doesnt_dance-?","Zoe_H",7,0.160616841872965
"know-doesnt_dance-?","Zoe_H",8,0.147268939168949
"know-doesnt_dance-?","Zoe_H",0,0.124852737603724
"know-doesnt_dance-?","Zoe_H",1,0.100735500382409
"know-doesnt_dance-?","Zoe_H",6,0.0909111270153886
"know-doesnt_dance-?","Zoe_H",2,0.0703822669301517
"know-doesnt_dance-?","Zoe_H",5,0.0667502129383373
"know-doesnt_dance-?","Zoe_H",3,0.0398031364080868
"know-doesnt_dance-?","Zoe_H",4,0.0306468937891681
"know-doesnt_dance-?","Zoe_L",0,0.512218504182502
"know-doesnt_dance-?","Zoe_L",1,0.217140669471348
"know-doesnt_dance-?","Zoe_L",2,0.126167650116285
"know-doesnt_dance-?","Zoe_L",3,0.061068998480544
"know-doesnt_dance-?","Zoe_L",4,0.0310023624036567
"know-doesnt_dance-?","Zoe_L",6,0.0132879549574888
"know-doesnt_dance-?","Zoe_L",7,0.0132879549574888
"know-doesnt_dance-?","Zoe_L",5,0.0120895898082936
"know-doesnt_dance-?","Zoe_L",8,0.00847310684559193
"know-doesnt_dance-?","Zoe_L",9,0.00526320877680109
"think-dances-?","Charley_H",9,0.216238130583034
"think-dances-?","Charley_H",8,0.144219109272138
"think-dances-?","Charley_H",7,0.116101636667423
"think-dances-?","Charley_H",0,0.0860498303072542
"think-dances-?","Charley_H",6,0.0857560231150687
"think-dances-?","Charley_H",1,0.077327124487431
"think-dances-?","Charley_H",2,0.0730719612151231
"think-dances-?","Charley_H",3,0.0679575536922201
"think-dances-?","Charley_H",4,0.066876479947182
"think-dances-?","Charley_H",5,0.0664021507131256
"think-dances-?","Charley_L",0,0.154597773791628
"think-dances-?","Charley_L",1,0.140566150100001
"think-dances-?","Charley_L",2,0.130942333884829
"think-dances-?","Charley_L",3,0.121436638612868
"think-dances-?","Charley_L",4,0.0845478677782017
"think-dances-?","Charley_L",5,0.0785446106328555
"think-dances-?","Charley_L",9,0.0740351025109419
"think-dances-?","Charley_L",8,0.0734786655720017
"think-dances-?","Charley_L",7,0.0720748743516984
"think-dances-?","Charley_L",6,0.0697759827649748
"think-dances-?","Danny_H",7,0.132024471912875
"think-dances-?","Danny_H",8,0.12405358891153
"think-dances-?","Danny_H",6,0.120861695192404
"think-dances-?","Danny_H",5,0.119084998697453
"think-dances-?","Danny_H",9,0.100950641623788
"think-dances-?","Danny_H",0,0.0898197225734244
"think-dances-?","Danny_H",2,0.0812816310256222
"think-dances-?","Danny_H",1,0.0798383455487746
"think-dances-?","Danny_H",4,0.0796402530811329
"think-dances-?","Danny_H",3,0.072444651432995
"think-dances-?","Danny_L",0,0.165304736564456
"think-dances-?","Danny_L",1,0.158097634036153
"think-dances-?","Danny_L",2,0.132945516485867
"think-dances-?","Danny_L",3,0.102341829321692
"think-dances-?","Danny_L",4,0.0824386573007545
"think-dances-?","Danny_L",6,0.076126414007716
"think-dances-?","Danny_L",5,0.0754862855092989
"think-dances-?","Danny_L",9,0.0745057994349183
"think-dances-?","Danny_L",8,0.0664357611599231
"think-dances-?","Danny_L",7,0.0663173661792214
"think-dances-?","Emily_H",5,0.130139909987865
"think-dances-?","Emily_H",4,0.117064989340453
"think-dances-?","Emily_H",6,0.103225838724715
"think-dances-?","Emily_H",2,0.102371238808129
"think-dances-?","Emily_H",0,0.100414376031405
"think-dances-?","Emily_H",1,0.0956336064491049
"think-dances-?","Emily_H",3,0.0919626140849147
"think-dances-?","Emily_H",9,0.0909572439422031
"think-dances-?","Emily_H",7,0.08962990087021
"think-dances-?","Emily_H",8,0.0786002817610009
"think-dances-?","Emily_L",0,0.267354541519816
"think-dances-?","Emily_L",1,0.137050532211303
"think-dances-?","Emily_L",2,0.102750892278121
"think-dances-?","Emily_L",9,0.0766774395143049
"think-dances-?","Emily_L",3,0.0748506166139492
"think-dances-?","Emily_L",7,0.0742032769793961
"think-dances-?","Emily_L",6,0.0723285651421186
"think-dances-?","Emily_L",8,0.0673675846645416
"think-dances-?","Emily_L",5,0.0672545677466676
"think-dances-?","Emily_L",4,0.0601619833297808
"think-dances-?","Emma_H",7,0.134489570359432
"think-dances-?","Emma_H",6,0.127194175445762
"think-dances-?","Emma_H",8,0.119828363647007
"think-dances-?","Emma_H",9,0.117047563078047
"think-dances-?","Emma_H",5,0.105083321717735
"think-dances-?","Emma_H",0,0.0835352937868449
"think-dances-?","Emma_H",4,0.0792387452703096
"think-dances-?","Emma_H",3,0.0791895405241852
"think-dances-?","Emma_H",1,0.0775302013128331
"think-dances-?","Emma_H",2,0.0768632248578441
"think-dances-?","Emma_L",0,0.174818610793827
"think-dances-?","Emma_L",1,0.144768504473257
"think-dances-?","Emma_L",2,0.121355993915519
"think-dances-?","Emma_L",3,0.100059305516281
"think-dances-?","Emma_L",6,0.0850434552463142
"think-dances-?","Emma_L",5,0.0849851478547702
"think-dances-?","Emma_L",9,0.0766548515820241
"think-dances-?","Emma_L",7,0.0746091838365699
"think-dances-?","Emma_L",4,0.0734866299343964
"think-dances-?","Emma_L",8,0.0642183168470409
"think-dances-?","Frank_H",5,0.132890975579381
"think-dances-?","Frank_H",6,0.121287495272449
"think-dances-?","Frank_H",7,0.119239940481158
"think-dances-?","Frank_H",9,0.110237879851881
"think-dances-?","Frank_H",8,0.109564365956365
"think-dances-?","Frank_H",4,0.0935687755627436
"think-dances-?","Frank_H",1,0.0853469564862379
"think-dances-?","Frank_H",3,0.0783726244437063
"think-dances-?","Frank_H",0,0.07699537076736
"think-dances-?","Frank_H",2,0.0724956155987179
"think-dances-?","Frank_L",0,0.283309836967639
"think-dances-?","Frank_L",1,0.145187096920042
"think-dances-?","Frank_L",2,0.110082153109291
"think-dances-?","Frank_L",8,0.0731167868576926
"think-dances-?","Frank_L",7,0.0728561878671924
"think-dances-?","Frank_L",9,0.0715434349671697
"think-dances-?","Frank_L",3,0.0688131004355595
"think-dances-?","Frank_L",4,0.0592257173507919
"think-dances-?","Frank_L",6,0.0582427399844821
"think-dances-?","Frank_L",5,0.0576229455401395
"think-dances-?","Grace_H",9,0.17568712175674
"think-dances-?","Grace_H",8,0.14385605229236
"think-dances-?","Grace_H",7,0.123149081416894
"think-dances-?","Grace_H",6,0.102370003169383
"think-dances-?","Grace_H",0,0.0930327629671161
"think-dances-?","Grace_H",1,0.079607483404485
"think-dances-?","Grace_H",5,0.0766351371878913
"think-dances-?","Grace_H",2,0.0753228709846521
"think-dances-?","Grace_H",3,0.0671900161365725
"think-dances-?","Grace_H",4,0.0631494706839052
"think-dances-?","Grace_L",0,0.177287538763654
"think-dances-?","Grace_L",1,0.15529824905043
"think-dances-?","Grace_L",2,0.138344673847644
"think-dances-?","Grace_L",3,0.093060236736042
"think-dances-?","Grace_L",7,0.0771386985651667
"think-dances-?","Grace_L",6,0.0765132777168781
"think-dances-?","Grace_L",4,0.0741005074258685
"think-dances-?","Grace_L",8,0.0714623710057419
"think-dances-?","Grace_L",9,0.0689495401725096
"think-dances-?","Grace_L",5,0.0678449067160657
"think-dances-?","Isabella_H",5,0.17424350332756
"think-dances-?","Isabella_H",4,0.126226947486582
"think-dances-?","Isabella_H",0,0.0967976207466405
"think-dances-?","Isabella_H",1,0.0937815633208755
"think-dances-?","Isabella_H",2,0.0935989796677718
"think-dances-?","Isabella_H",6,0.090421697744187
"think-dances-?","Isabella_H",3,0.0860983884516119
"think-dances-?","Isabella_H",7,0.0837683765613954
"think-dances-?","Isabella_H",9,0.0793995590231987
"think-dances-?","Isabella_H",8,0.0756633636701776
"think-dances-?","Isabella_L",0,0.321374574527462
"think-dances-?","Isabella_L",1,0.111888989136262
"think-dances-?","Isabella_L",2,0.0897698150657082
"think-dances-?","Isabella_L",9,0.079248852467667
"think-dances-?","Isabella_L",8,0.0760610156843397
"think-dances-?","Isabella_L",7,0.0667559640543672
"think-dances-?","Isabella_L",3,0.0662807785525033
"think-dances-?","Isabella_L",5,0.065828352458137
"think-dances-?","Isabella_L",4,0.0622076154650705
"think-dances-?","Isabella_L",6,0.0605840425884841
"think-dances-?","Jackson_H",9,0.178313928636318
"think-dances-?","Jackson_H",8,0.142093441406078
"think-dances-?","Jackson_H",7,0.126140596959906
"think-dances-?","Jackson_H",0,0.100893393215578
"think-dances-?","Jackson_H",6,0.0956781601770989
"think-dances-?","Jackson_H",1,0.0869720296764734
"think-dances-?","Jackson_H",5,0.0744539825328754
"think-dances-?","Jackson_H",2,0.0685477103409279
"think-dances-?","Jackson_H",3,0.0676667036493215
"think-dances-?","Jackson_H",4,0.0592400534054227
"think-dances-?","Jackson_L",0,0.243695311519345
"think-dances-?","Jackson_L",1,0.15617670443717
"think-dances-?","Jackson_L",2,0.102209023385701
"think-dances-?","Jackson_L",3,0.0837256695047927
"think-dances-?","Jackson_L",8,0.0713862875586831
"think-dances-?","Jackson_L",6,0.0712928023973118
"think-dances-?","Jackson_L",9,0.0699839746459676
"think-dances-?","Jackson_L",7,0.0690248656195463
"think-dances-?","Jackson_L",4,0.0686814518422893
"think-dances-?","Jackson_L",5,0.0638239090891928
"think-dances-?","Jayden_H",7,0.128077204752551
"think-dances-?","Jayden_H",8,0.125112897085454
"think-dances-?","Jayden_H",6,0.119766167191461
"think-dances-?","Jayden_H",5,0.108316658813282
"think-dances-?","Jayden_H",9,0.106312571774709
"think-dances-?","Jayden_H",1,0.0899703060242098
"think-dances-?","Jayden_H",4,0.0866137428124054
"think-dances-?","Jayden_H",0,0.0864918807577761
"think-dances-?","Jayden_H",2,0.0803473065842174
"think-dances-?","Jayden_H",3,0.0689912642039352
"think-dances-?","Jayden_L",0,0.315765889455534
"think-dances-?","Jayden_L",1,0.109247195343691
"think-dances-?","Jayden_L",2,0.0853315747113216
"think-dances-?","Jayden_L",9,0.0739282238765733
"think-dances-?","Jayden_L",7,0.0732793550353946
"think-dances-?","Jayden_L",6,0.0712694252307516
"think-dances-?","Jayden_L",8,0.0691145073673663
"think-dances-?","Jayden_L",4,0.0691094272405467
"think-dances-?","Jayden_L",3,0.0671018276508648
"think-dances-?","Jayden_L",5,0.0658525740879559
"think-dances-?","Jon_H",8,0.155433501512568
"think-dances-?","Jon_H",9,0.154467433406836
"think-dances-?","Jon_H",7,0.129890985811348
"think-dances-?","Jon_H",6,0.100453181171674
"think-dances-?","Jon_H",0,0.0880357425560229
"think-dances-?","Jon_H",5,0.0842609974816746
"think-dances-?","Jon_H",1,0.0774015979651683
"think-dances-?","Jon_H",2,0.0737334026484224
"think-dances-?","Jon_H",4,0.0699142350360784
"think-dances-?","Jon_H",3,0.0664089224102075
"think-dances-?","Jon_L",0,0.217970012429665
"think-dances-?","Jon_L",1,0.157366156792067
"think-dances-?","Jon_L",2,0.121310099030345
"think-dances-?","Jon_L",3,0.081623975756266
"think-dances-?","Jon_L",8,0.076510833658955
"think-dances-?","Jon_L",6,0.0762094484455558
"think-dances-?","Jon_L",9,0.0734673381449646
"think-dances-?","Jon_L",7,0.0700713368421631
"think-dances-?","Jon_L",4,0.0667049067765809
"think-dances-?","Jon_L",5,0.0587658921234374
"think-dances-?","Josh_H",5,0.145489469867685
"think-dances-?","Josh_H",6,0.1170663625945
"think-dances-?","Josh_H",7,0.103864778464113
"think-dances-?","Josh_H",0,0.100038196832425
"think-dances-?","Josh_H",4,0.0992824476188261
"think-dances-?","Josh_H",1,0.0958311405263746
"think-dances-?","Josh_H",3,0.0915070041530484
"think-dances-?","Josh_H",8,0.0851824944497544
"think-dances-?","Josh_H",2,0.0837111637618218
"think-dances-?","Josh_H",9,0.0780269417314515
"think-dances-?","Josh_L",0,0.199640916297073
"think-dances-?","Josh_L",1,0.144685436604861
"think-dances-?","Josh_L",2,0.124236467025556
"think-dances-?","Josh_L",3,0.0932142809332452
"think-dances-?","Josh_L",5,0.0761140977810312
"think-dances-?","Josh_L",7,0.0734667011157913
"think-dances-?","Josh_L",4,0.0733293599078279
"think-dances-?","Josh_L",9,0.0728258282251224
"think-dances-?","Josh_L",8,0.0714303787807099
"think-dances-?","Josh_L",6,0.0710565333287825
"think-dances-?","Josie_H",7,0.136400056345683
"think-dances-?","Josie_H",9,0.132266658378445
"think-dances-?","Josie_H",8,0.130199196296882
"think-dances-?","Josie_H",6,0.121740586480193
"think-dances-?","Josie_H",0,0.0943240161291315
"think-dances-?","Josie_H",5,0.0884794118962951
"think-dances-?","Josie_H",1,0.0845089231625135
"think-dances-?","Josie_H",2,0.0765229827360783
"think-dances-?","Josie_H",4,0.074251880369422
"think-dances-?","Josie_H",3,0.0613062882053569
"think-dances-?","Josie_L",0,0.31904549529567
"think-dances-?","Josie_L",1,0.109676101662194
"think-dances-?","Josie_L",2,0.0857081367772064
"think-dances-?","Josie_L",8,0.0760317564324363
"think-dances-?","Josie_L",9,0.074401481452119
"think-dances-?","Josie_L",6,0.0734154701021136
"think-dances-?","Josie_L",3,0.0709402164560902
"think-dances-?","Josie_L",7,0.0661776510586765
"think-dances-?","Josie_L",4,0.0635915645121303
"think-dances-?","Josie_L",5,0.0610121262513641
"think-dances-?","Julian_H",5,0.14332800581065
"think-dances-?","Julian_H",6,0.114394558748947
"think-dances-?","Julian_H",7,0.111657863053128
"think-dances-?","Julian_H",9,0.0988657313008607
"think-dances-?","Julian_H",4,0.0975254284623858
"think-dances-?","Julian_H",0,0.0941130644056689
"think-dances-?","Julian_H",8,0.0913511429856492
"think-dances-?","Julian_H",1,0.087099193005554
"think-dances-?","Julian_H",2,0.0857822832675451
"think-dances-?","Julian_H",3,0.0758827289596116
"think-dances-?","Julian_L",1,0.135754755338307
"think-dances-?","Julian_L",3,0.127034431567014
"think-dances-?","Julian_L",0,0.126189579508259
"think-dances-?","Julian_L",2,0.122014312395189
"think-dances-?","Julian_L",4,0.111990541938172
"think-dances-?","Julian_L",5,0.0914114659975666
"think-dances-?","Julian_L",7,0.0779534663151938
"think-dances-?","Julian_L",9,0.0734083468172407
"think-dances-?","Julian_L",8,0.0732359834177938
"think-dances-?","Julian_L",6,0.0610071167052646
"think-dances-?","Mary_H",9,0.250015617309438
"think-dances-?","Mary_H",8,0.127404281360325
"think-dances-?","Mary_H",0,0.0976707638286063
"think-dances-?","Mary_H",7,0.0931912147568596
"think-dances-?","Mary_H",1,0.0826605027735725
"think-dances-?","Mary_H",2,0.0766597181665916
"think-dances-?","Mary_H",6,0.0750851180095888
"think-dances-?","Mary_H",3,0.0688423578035676
"think-dances-?","Mary_H",4,0.0663021323222929
"think-dances-?","Mary_H",5,0.0621682936691577
"think-dances-?","Mary_L",0,0.236218732620644
"think-dances-?","Mary_L",1,0.152611756165241
"think-dances-?","Mary_L",2,0.109586957217676
"think-dances-?","Mary_L",3,0.0917168367752031
"think-dances-?","Mary_L",9,0.0769770039061856
"think-dances-?","Mary_L",7,0.0707038352082905
"think-dances-?","Mary_L",8,0.0682541301968408
"think-dances-?","Mary_L",6,0.0682069183730957
"think-dances-?","Mary_L",5,0.0644182939992813
"think-dances-?","Mary_L",4,0.0613055355375417
"think-dances-?","Mia_H",5,0.145968930245877
"think-dances-?","Mia_H",6,0.117479375381423
"think-dances-?","Mia_H",4,0.109948884178947
"think-dances-?","Mia_H",2,0.096903486749401
"think-dances-?","Mia_H",7,0.0966092775422841
"think-dances-?","Mia_H",3,0.0906266437221991
"think-dances-?","Mia_H",8,0.0875545580426255
"think-dances-?","Mia_H",0,0.0858966306077292
"think-dances-?","Mia_H",1,0.0857982133600318
"think-dances-?","Mia_H",9,0.0832140001694818
"think-dances-?","Mia_L",0,0.25692215183546
"think-dances-?","Mia_L",1,0.131877718505299
"think-dances-?","Mia_L",2,0.104194016756168
"think-dances-?","Mia_L",3,0.0850448583334737
"think-dances-?","Mia_L",4,0.0760085445621234
"think-dances-?","Mia_L",5,0.0744780041336008
"think-dances-?","Mia_L",7,0.0703855743577149
"think-dances-?","Mia_L",8,0.0683760546388039
"think-dances-?","Mia_L",9,0.067311371476078
"think-dances-?","Mia_L",6,0.0654017054012792
"think-dances-?","Olivia_H",7,0.143676528887279
"think-dances-?","Olivia_H",8,0.130473877495137
"think-dances-?","Olivia_H",9,0.12195958428132
"think-dances-?","Olivia_H",6,0.118955507253333
"think-dances-?","Olivia_H",0,0.0972569017435091
"think-dances-?","Olivia_H",2,0.0811234828112309
"think-dances-?","Olivia_H",5,0.0790922626963397
"think-dances-?","Olivia_H",3,0.0766260343252577
"think-dances-?","Olivia_H",4,0.0758719606735329
"think-dances-?","Olivia_H",1,0.0749638598330604
"think-dances-?","Olivia_L",0,0.242933049763303
"think-dances-?","Olivia_L",1,0.15172995347313
"think-dances-?","Olivia_L",2,0.100947960754781
"think-dances-?","Olivia_L",3,0.0866669512769819
"think-dances-?","Olivia_L",9,0.0775673799698943
"think-dances-?","Olivia_L",7,0.0736658097991607
"think-dances-?","Olivia_L",8,0.0708345281085557
"think-dances-?","Olivia_L",4,0.0664018436870636
"think-dances-?","Olivia_L",6,0.0658905114287343
"think-dances-?","Olivia_L",5,0.0633620117383948
"think-dances-?","Owen_H",9,0.161409398297541
"think-dances-?","Owen_H",8,0.136452019102979
"think-dances-?","Owen_H",7,0.125910905300386
"think-dances-?","Owen_H",0,0.0943755509560097
"think-dances-?","Owen_H",6,0.0932418767641556
"think-dances-?","Owen_H",5,0.0866013704633055
"think-dances-?","Owen_H",3,0.0789569290206733
"think-dances-?","Owen_H",2,0.0789517560363073
"think-dances-?","Owen_H",1,0.0777783120118288
"think-dances-?","Owen_H",4,0.0663218820468145
"think-dances-?","Owen_L",0,0.205644933108864
"think-dances-?","Owen_L",1,0.150617832155738
"think-dances-?","Owen_L",2,0.11392824740308
"think-dances-?","Owen_L",3,0.0832748114435214
"think-dances-?","Owen_L",5,0.0812174750828209
"think-dances-?","Owen_L",8,0.0778659210091663
"think-dances-?","Owen_L",6,0.076399161675867
"think-dances-?","Owen_L",9,0.0741008403583648
"think-dances-?","Owen_L",7,0.0686992982818194
"think-dances-?","Owen_L",4,0.0682514794807579
"think-dances-?","Sophia_H",5,0.135338129206334
"think-dances-?","Sophia_H",7,0.125975201140067
"think-dances-?","Sophia_H",6,0.122996443886331
"think-dances-?","Sophia_H",0,0.0974607354296698
"think-dances-?","Sophia_H",4,0.09587444719175
"think-dances-?","Sophia_H",8,0.0952469998052336
"think-dances-?","Sophia_H",9,0.0942822846179049
"think-dances-?","Sophia_H",1,0.08346817708674
"think-dances-?","Sophia_H",2,0.07767748469331
"think-dances-?","Sophia_H",3,0.0716800969426598
"think-dances-?","Sophia_L",0,0.126988217263484
"think-dances-?","Sophia_L",1,0.121312992977647
"think-dances-?","Sophia_L",2,0.120919198994296
"think-dances-?","Sophia_L",3,0.112985639239904
"think-dances-?","Sophia_L",4,0.111335253987812
"think-dances-?","Sophia_L",5,0.093017709193178
"think-dances-?","Sophia_L",9,0.0819557271157856
"think-dances-?","Sophia_L",6,0.0797935188123462
"think-dances-?","Sophia_L",8,0.0793388742135722
"think-dances-?","Sophia_L",7,0.0723528682019739
"think-dances-?","Tony_H",8,0.148160859548174
"think-dances-?","Tony_H",7,0.141058476966219
"think-dances-?","Tony_H",6,0.114518207629047
"think-dances-?","Tony_H",9,0.113312273888062
"think-dances-?","Tony_H",0,0.0944638814574299
"think-dances-?","Tony_H",1,0.0914744313833988
"think-dances-?","Tony_H",5,0.0893634591994177
"think-dances-?","Tony_H",4,0.0755761570566365
"think-dances-?","Tony_H",2,0.0705430735560114
"think-dances-?","Tony_H",3,0.0615291793156027
"think-dances-?","Tony_L",0,0.258288069901655
"think-dances-?","Tony_L",1,0.145487068859202
"think-dances-?","Tony_L",2,0.100100727710228
"think-dances-?","Tony_L",3,0.0810377493190966
"think-dances-?","Tony_L",7,0.0741217577723087
"think-dances-?","Tony_L",9,0.0740602216387278
"think-dances-?","Tony_L",6,0.0708430105134802
"think-dances-?","Tony_L",5,0.0697860121916583
"think-dances-?","Tony_L",8,0.0643856141801359
"think-dances-?","Tony_L",4,0.0618897679135073
"think-dances-?","Zoe_H",9,0.153360265697052
"think-dances-?","Zoe_H",7,0.145742238036643
"think-dances-?","Zoe_H",8,0.132542258773139
"think-dances-?","Zoe_H",6,0.098832483304326
"think-dances-?","Zoe_H",0,0.0949898664768257
"think-dances-?","Zoe_H",5,0.0868084386744266
"think-dances-?","Zoe_H",1,0.0827181085372969
"think-dances-?","Zoe_H",2,0.069365260314939
"think-dances-?","Zoe_H",4,0.0688153033117924
"think-dances-?","Zoe_H",3,0.0668257768735595
"think-dances-?","Zoe_L",0,0.269397249386991
"think-dances-?","Zoe_L",1,0.13871164973152
"think-dances-?","Zoe_L",2,0.10409098158004
"think-dances-?","Zoe_L",7,0.0832789498342807
"think-dances-?","Zoe_L",3,0.074786720582622
"think-dances-?","Zoe_L",4,0.0695681731263404
"think-dances-?","Zoe_L",9,0.0695326304494812
"think-dances-?","Zoe_L",8,0.0677614607509519
"think-dances-?","Zoe_L",6,0.0670219476405507
"think-dances-?","Zoe_L",5,0.0558502369172227
"think-doesnt_dance-?","Charley_H",9,0.394255675178168
"think-doesnt_dance-?","Charley_H",8,0.215753600233071
"think-doesnt_dance-?","Charley_H",7,0.14411078837318
"think-doesnt_dance-?","Charley_H",6,0.0687607371917227
"think-doesnt_dance-?","Charley_H",5,0.0390393857948687
"think-doesnt_dance-?","Charley_H",4,0.0361270590366168
"think-doesnt_dance-?","Charley_H",3,0.0283055252973627
"think-doesnt_dance-?","Charley_H",0,0.0275978286261349
"think-doesnt_dance-?","Charley_H",2,0.0262014852128379
"think-doesnt_dance-?","Charley_H",1,0.019847915056037
"think-doesnt_dance-?","Charley_L",1,0.204699195305981
"think-doesnt_dance-?","Charley_L",0,0.180540067916956
"think-doesnt_dance-?","Charley_L",2,0.168116276139746
"think-doesnt_dance-?","Charley_L",3,0.157754304019373
"think-doesnt_dance-?","Charley_L",4,0.0987423182008237
"think-doesnt_dance-?","Charley_L",5,0.0720652279721057
"think-doesnt_dance-?","Charley_L",7,0.0372350748367067
"think-doesnt_dance-?","Charley_L",8,0.0302023010306523
"think-doesnt_dance-?","Charley_L",6,0.0264430597625416
"think-doesnt_dance-?","Charley_L",9,0.0242021748151149
"think-doesnt_dance-?","Danny_H",7,0.1987469198777
"think-doesnt_dance-?","Danny_H",5,0.186982288958206
"think-doesnt_dance-?","Danny_H",6,0.174157394742371
"think-doesnt_dance-?","Danny_H",8,0.141008310131481
"think-doesnt_dance-?","Danny_H",9,0.107591916753938
"think-doesnt_dance-?","Danny_H",4,0.0764326991312612
"think-doesnt_dance-?","Danny_H",1,0.0321618378878234
"think-doesnt_dance-?","Danny_H",3,0.0296376513293035
"think-doesnt_dance-?","Danny_H",0,0.0285604659159239
"think-doesnt_dance-?","Danny_H",2,0.0247205152719924
"think-doesnt_dance-?","Danny_L",1,0.222910721720015
"think-doesnt_dance-?","Danny_L",0,0.220539446456784
"think-doesnt_dance-?","Danny_L",2,0.167627907350037
"think-doesnt_dance-?","Danny_L",3,0.12051346999882
"think-doesnt_dance-?","Danny_L",4,0.0722366063504317
"think-doesnt_dance-?","Danny_L",5,0.0681631707305237
"think-doesnt_dance-?","Danny_L",6,0.0359965793833403
"think-doesnt_dance-?","Danny_L",8,0.0337519075951648
"think-doesnt_dance-?","Danny_L",7,0.0308022335175483
"think-doesnt_dance-?","Danny_L",9,0.027457956897334
"think-doesnt_dance-?","Emily_H",5,0.22081324093642
"think-doesnt_dance-?","Emily_H",4,0.16772392487288
"think-doesnt_dance-?","Emily_H",6,0.12653506350501
"think-doesnt_dance-?","Emily_H",7,0.0900879974269404
"think-doesnt_dance-?","Emily_H",3,0.0799437939274456
"think-doesnt_dance-?","Emily_H",2,0.0791397048039731
"think-doesnt_dance-?","Emily_H",9,0.0671360296445288
"think-doesnt_dance-?","Emily_H",0,0.0664540382165767
"think-doesnt_dance-?","Emily_H",8,0.054067585959842
"think-doesnt_dance-?","Emily_H",1,0.0480986207063833
"think-doesnt_dance-?","Emily_L",0,0.514057037048268
"think-doesnt_dance-?","Emily_L",1,0.164328194711526
"think-doesnt_dance-?","Emily_L",2,0.100590769986134
"think-doesnt_dance-?","Emily_L",3,0.0496826138481016
"think-doesnt_dance-?","Emily_L",5,0.039438692955112
"think-doesnt_dance-?","Emily_L",4,0.0318751155711089
"think-doesnt_dance-?","Emily_L",8,0.0274469108034959
"think-doesnt_dance-?","Emily_L",7,0.0247429899916526
"think-doesnt_dance-?","Emily_L",6,0.0239289477856122
"think-doesnt_dance-?","Emily_L",9,0.0239087272989892
"think-doesnt_dance-?","Emma_H",7,0.186127803622133
"think-doesnt_dance-?","Emma_H",6,0.179984871620083
"think-doesnt_dance-?","Emma_H",8,0.17379571215206
"think-doesnt_dance-?","Emma_H",5,0.148372156894727
"think-doesnt_dance-?","Emma_H",9,0.132571468938606
"think-doesnt_dance-?","Emma_H",4,0.0526050316307344
"think-doesnt_dance-?","Emma_H",3,0.0416695244824561
"think-doesnt_dance-?","Emma_H",1,0.029779473289315
"think-doesnt_dance-?","Emma_H",2,0.0277303682837545
"think-doesnt_dance-?","Emma_H",0,0.0273635890861304
"think-doesnt_dance-?","Emma_L",0,0.226893946576226
"think-doesnt_dance-?","Emma_L",1,0.203887815843848
"think-doesnt_dance-?","Emma_L",2,0.137659873974299
"think-doesnt_dance-?","Emma_L",3,0.1007466390205
"think-doesnt_dance-?","Emma_L",5,0.0893507528767462
"think-doesnt_dance-?","Emma_L",4,0.0747204987913794
"think-doesnt_dance-?","Emma_L",6,0.0654763553327637
"think-doesnt_dance-?","Emma_L",7,0.0399326089043484
"think-doesnt_dance-?","Emma_L",9,0.0355976884388
"think-doesnt_dance-?","Emma_L",8,0.0257338202410902
"think-doesnt_dance-?","Frank_H",5,0.216362912836388
"think-doesnt_dance-?","Frank_H",6,0.166324571614067
"think-doesnt_dance-?","Frank_H",7,0.154863889382525
"think-doesnt_dance-?","Frank_H",8,0.130877744251504
"think-doesnt_dance-?","Frank_H",4,0.104000350711976
"think-doesnt_dance-?","Frank_H",9,0.100087543404641
"think-doesnt_dance-?","Frank_H",3,0.0364684055984599
"think-doesnt_dance-?","Frank_H",2,0.0309718624897336
"think-doesnt_dance-?","Frank_H",0,0.0307276093095549
"think-doesnt_dance-?","Frank_H",1,0.02931511040115
"think-doesnt_dance-?","Frank_L",0,0.518179367700687
"think-doesnt_dance-?","Frank_L",1,0.18357921639603
"think-doesnt_dance-?","Frank_L",2,0.0849321791657817
"think-doesnt_dance-?","Frank_L",3,0.039516049245552
"think-doesnt_dance-?","Frank_L",4,0.0345494748505718
"think-doesnt_dance-?","Frank_L",8,0.0336157866085859
"think-doesnt_dance-?","Frank_L",7,0.0296171532811348
"think-doesnt_dance-?","Frank_L",9,0.0286507253432371
"think-doesnt_dance-?","Frank_L",6,0.0242590185080223
"think-doesnt_dance-?","Frank_L",5,0.0231010289003976
"think-doesnt_dance-?","Grace_H",9,0.287702869187796
"think-doesnt_dance-?","Grace_H",8,0.213949372875048
"think-doesnt_dance-?","Grace_H",7,0.18387923661311
"think-doesnt_dance-?","Grace_H",6,0.105528228882798
"think-doesnt_dance-?","Grace_H",5,0.0737486116667428
"think-doesnt_dance-?","Grace_H",2,0.0301146006659119
"think-doesnt_dance-?","Grace_H",4,0.0299892700839081
"think-doesnt_dance-?","Grace_H",0,0.0260168594735045
"think-doesnt_dance-?","Grace_H",1,0.0247415146728365
"think-doesnt_dance-?","Grace_H",3,0.024329435878345
"think-doesnt_dance-?","Grace_L",0,0.252329531456467
"think-doesnt_dance-?","Grace_L",1,0.216518120784865
"think-doesnt_dance-?","Grace_L",2,0.186847947700152
"think-doesnt_dance-?","Grace_L",3,0.0971655519114517
"think-doesnt_dance-?","Grace_L",4,0.0639301311074012
"think-doesnt_dance-?","Grace_L",6,0.0501288485518758
"think-doesnt_dance-?","Grace_L",7,0.0406584599772185
"think-doesnt_dance-?","Grace_L",5,0.0380150301474633
"think-doesnt_dance-?","Grace_L",8,0.0281156570565644
"think-doesnt_dance-?","Grace_L",9,0.0262907213065415
"think-doesnt_dance-?","Isabella_H",5,0.324880324296425
"think-doesnt_dance-?","Isabella_H",4,0.208548432669993
"think-doesnt_dance-?","Isabella_H",6,0.0853918734762448
"think-doesnt_dance-?","Isabella_H",3,0.0734954987863244
"think-doesnt_dance-?","Isabella_H",1,0.0672118351507292
"think-doesnt_dance-?","Isabella_H",2,0.066291161599957
"think-doesnt_dance-?","Isabella_H",7,0.0604066230216875
"think-doesnt_dance-?","Isabella_H",8,0.0477686208119416
"think-doesnt_dance-?","Isabella_H",9,0.033836688709424
"think-doesnt_dance-?","Isabella_H",0,0.0321689414772739
"think-doesnt_dance-?","Isabella_L",0,0.634619677666332
"think-doesnt_dance-?","Isabella_L",1,0.105778460034101
"think-doesnt_dance-?","Isabella_L",2,0.0592077712130728
"think-doesnt_dance-?","Isabella_L",3,0.034123367786453
"think-doesnt_dance-?","Isabella_L",4,0.0298636955898704
"think-doesnt_dance-?","Isabella_L",9,0.029653137021286
"think-doesnt_dance-?","Isabella_L",5,0.0287605037444306
"think-doesnt_dance-?","Isabella_L",6,0.0273026925879605
"think-doesnt_dance-?","Isabella_L",8,0.0259641334052895
"think-doesnt_dance-?","Isabella_L",7,0.024726560951204
"think-doesnt_dance-?","Jackson_H",9,0.280116140636252
"think-doesnt_dance-?","Jackson_H",8,0.210791601075737
"think-doesnt_dance-?","Jackson_H",7,0.167125343082925
"think-doesnt_dance-?","Jackson_H",6,0.119136233625747
"think-doesnt_dance-?","Jackson_H",5,0.0717102465297513
"think-doesnt_dance-?","Jackson_H",3,0.0360275009991664
"think-doesnt_dance-?","Jackson_H",0,0.0316599046964557
"think-doesnt_dance-?","Jackson_H",2,0.029544345413295
"think-doesnt_dance-?","Jackson_H",4,0.0280470975848442
"think-doesnt_dance-?","Jackson_H",1,0.025841586355827
"think-doesnt_dance-?","Jackson_L",0,0.412106991299839
"think-doesnt_dance-?","Jackson_L",1,0.216142046554263
"think-doesnt_dance-?","Jackson_L",2,0.132750737448699
"think-doesnt_dance-?","Jackson_L",3,0.0607634089803789
"think-doesnt_dance-?","Jackson_L",4,0.0348387086481523
"think-doesnt_dance-?","Jackson_L",6,0.0326327605411069
"think-doesnt_dance-?","Jackson_L",7,0.0319457718102743
"think-doesnt_dance-?","Jackson_L",5,0.0318643181073247
"think-doesnt_dance-?","Jackson_L",8,0.0256320409799734
"think-doesnt_dance-?","Jackson_L",9,0.0213232156299895
"think-doesnt_dance-?","Jayden_H",7,0.18002869546963
"think-doesnt_dance-?","Jayden_H",6,0.173556680901985
"think-doesnt_dance-?","Jayden_H",5,0.149931757514808
"think-doesnt_dance-?","Jayden_H",8,0.142741396413149
"think-doesnt_dance-?","Jayden_H",9,0.107985478979436
"think-doesnt_dance-?","Jayden_H",4,0.0865509401378995
"think-doesnt_dance-?","Jayden_H",3,0.0426000599571463
"think-doesnt_dance-?","Jayden_H",0,0.041683684326045
"think-doesnt_dance-?","Jayden_H",1,0.040988230648025
"think-doesnt_dance-?","Jayden_H",2,0.0339330756518762
"think-doesnt_dance-?","Jayden_L",0,0.614410412610973
"think-doesnt_dance-?","Jayden_L",1,0.0879681183445726
"think-doesnt_dance-?","Jayden_L",2,0.0445479406847739
"think-doesnt_dance-?","Jayden_L",3,0.0429101481811097
"think-doesnt_dance-?","Jayden_L",6,0.0406920043526702
"think-doesnt_dance-?","Jayden_L",4,0.0385621376701122
"think-doesnt_dance-?","Jayden_L",5,0.0370643203780707
"think-doesnt_dance-?","Jayden_L",7,0.0323666187431336
"think-doesnt_dance-?","Jayden_L",8,0.0313875171300862
"think-doesnt_dance-?","Jayden_L",9,0.0300907819044977
"think-doesnt_dance-?","Jon_H",9,0.232366765843411
"think-doesnt_dance-?","Jon_H",8,0.225220525402093
"think-doesnt_dance-?","Jon_H",7,0.1969747590235
"think-doesnt_dance-?","Jon_H",6,0.117211139262894
"think-doesnt_dance-?","Jon_H",5,0.0660181848631103
"think-doesnt_dance-?","Jon_H",4,0.0399957496570402
"think-doesnt_dance-?","Jon_H",2,0.0327378970692953
"think-doesnt_dance-?","Jon_H",3,0.0318318417368425
"think-doesnt_dance-?","Jon_H",0,0.0301870700338398
"think-doesnt_dance-?","Jon_H",1,0.0274560671079743
"think-doesnt_dance-?","Jon_L",0,0.368038614972677
"think-doesnt_dance-?","Jon_L",1,0.218792340567078
"think-doesnt_dance-?","Jon_L",2,0.146764835222758
"think-doesnt_dance-?","Jon_L",3,0.0493833442451061
"think-doesnt_dance-?","Jon_L",4,0.0436608502454274
"think-doesnt_dance-?","Jon_L",5,0.0370813785234174
"think-doesnt_dance-?","Jon_L",7,0.0370225402199106
"think-doesnt_dance-?","Jon_L",6,0.0352236480288431
"think-doesnt_dance-?","Jon_L",8,0.0349328029093804
"think-doesnt_dance-?","Jon_L",9,0.029099645065402
"think-doesnt_dance-?","Josh_H",5,0.246276773051948
"think-doesnt_dance-?","Josh_H",6,0.143196589105548
"think-doesnt_dance-?","Josh_H",7,0.121095129356095
"think-doesnt_dance-?","Josh_H",4,0.110044103748002
"think-doesnt_dance-?","Josh_H",3,0.0833922985252798
"think-doesnt_dance-?","Josh_H",0,0.071010966772388
"think-doesnt_dance-?","Josh_H",8,0.0687082902247855
"think-doesnt_dance-?","Josh_H",2,0.0566163867361423
"think-doesnt_dance-?","Josh_H",1,0.0539427667598585
"think-doesnt_dance-?","Josh_H",9,0.0457166957199528
"think-doesnt_dance-?","Josh_L",0,0.312969144793077
"think-doesnt_dance-?","Josh_L",1,0.205259452254422
"think-doesnt_dance-?","Josh_L",2,0.147085900885689
"think-doesnt_dance-?","Josh_L",3,0.0947586459168342
"think-doesnt_dance-?","Josh_L",4,0.0639953860040945
"think-doesnt_dance-?","Josh_L",5,0.0551557539020387
"think-doesnt_dance-?","Josh_L",6,0.035771817968182
"think-doesnt_dance-?","Josh_L",7,0.0334370214362066
"think-doesnt_dance-?","Josh_L",9,0.0272615958463273
"think-doesnt_dance-?","Josh_L",8,0.0243052809931289
"think-doesnt_dance-?","Josie_H",7,0.19315289451146
"think-doesnt_dance-?","Josie_H",8,0.174371583847914
"think-doesnt_dance-?","Josie_H",9,0.172867711429441
"think-doesnt_dance-?","Josie_H",6,0.161086423239184
"think-doesnt_dance-?","Josie_H",5,0.102282456199687
"think-doesnt_dance-?","Josie_H",4,0.0781165522209873
"think-doesnt_dance-?","Josie_H",0,0.0337386122375581
"think-doesnt_dance-?","Josie_H",3,0.0300394988150964
"think-doesnt_dance-?","Josie_H",1,0.0294463922239489
"think-doesnt_dance-?","Josie_H",2,0.0248978752747234
"think-doesnt_dance-?","Josie_L",0,0.633693361747734
"think-doesnt_dance-?","Josie_L",1,0.10230313449366
"think-doesnt_dance-?","Josie_L",2,0.0484138895841876
"think-doesnt_dance-?","Josie_L",4,0.0408021646571891
"think-doesnt_dance-?","Josie_L",3,0.0363262273180007
"think-doesnt_dance-?","Josie_L",5,0.0352652261478585
"think-doesnt_dance-?","Josie_L",7,0.0284793885111531
"think-doesnt_dance-?","Josie_L",9,0.0268705377761016
"think-doesnt_dance-?","Josie_L",6,0.0247845546970163
"think-doesnt_dance-?","Josie_L",8,0.0230615150670993
"think-doesnt_dance-?","Julian_H",5,0.235828219694348
"think-doesnt_dance-?","Julian_H",6,0.153686151138032
"think-doesnt_dance-?","Julian_H",7,0.144408281205888
"think-doesnt_dance-?","Julian_H",4,0.140294496992095
"think-doesnt_dance-?","Julian_H",8,0.0798563634417399
"think-doesnt_dance-?","Julian_H",9,0.0735684071636851
"think-doesnt_dance-?","Julian_H",3,0.0587831433068612
"think-doesnt_dance-?","Julian_H",2,0.0463094828288126
"think-doesnt_dance-?","Julian_H",1,0.0411312120820071
"think-doesnt_dance-?","Julian_H",0,0.0261342421465315
"think-doesnt_dance-?","Julian_L",3,0.181067496661296
"think-doesnt_dance-?","Julian_L",2,0.176899522200726
"think-doesnt_dance-?","Julian_L",4,0.155458991679898
"think-doesnt_dance-?","Julian_L",1,0.133583509251268
"think-doesnt_dance-?","Julian_L",5,0.124999768089282
"think-doesnt_dance-?","Julian_L",0,0.0974614932161791
"think-doesnt_dance-?","Julian_L",7,0.0416222268272711
"think-doesnt_dance-?","Julian_L",8,0.0313002917242537
"think-doesnt_dance-?","Julian_L",6,0.0295674715838584
"think-doesnt_dance-?","Julian_L",9,0.0280392287659686
"think-doesnt_dance-?","Mary_H",9,0.475729062267229
"think-doesnt_dance-?","Mary_H",8,0.176320277670372
"think-doesnt_dance-?","Mary_H",7,0.0948535884508301
"think-doesnt_dance-?","Mary_H",0,0.0510570098509215
"think-doesnt_dance-?","Mary_H",6,0.0428763734673059
"think-doesnt_dance-?","Mary_H",5,0.0354647335766433
"think-doesnt_dance-?","Mary_H",4,0.032332518898824
"think-doesnt_dance-?","Mary_H",3,0.0311235703017313
"think-doesnt_dance-?","Mary_H",2,0.030212608546264
"think-doesnt_dance-?","Mary_H",1,0.0300302569698785
"think-doesnt_dance-?","Mary_L",0,0.407593498883802
"think-doesnt_dance-?","Mary_L",1,0.194592623428466
"think-doesnt_dance-?","Mary_L",2,0.119057180229439
"think-doesnt_dance-?","Mary_L",3,0.0775283184542184
"think-doesnt_dance-?","Mary_L",4,0.0443571046618583
"think-doesnt_dance-?","Mary_L",5,0.0360265287527483
"think-doesnt_dance-?","Mary_L",6,0.032520126015109
"think-doesnt_dance-?","Mary_L",7,0.0316058571543436
"think-doesnt_dance-?","Mary_L",8,0.0288901872707552
"think-doesnt_dance-?","Mary_L",9,0.0278285751492598
"think-doesnt_dance-?","Mia_H",5,0.259187924558499
"think-doesnt_dance-?","Mia_H",6,0.148127303463841
"think-doesnt_dance-?","Mia_H",4,0.145332630870375
"think-doesnt_dance-?","Mia_H",7,0.112059739220527
"think-doesnt_dance-?","Mia_H",3,0.0759579033529208
"think-doesnt_dance-?","Mia_H",8,0.0662981755569154
"think-doesnt_dance-?","Mia_H",2,0.0655903606080834
"think-doesnt_dance-?","Mia_H",9,0.0464443764657334
"think-doesnt_dance-?","Mia_H",1,0.0454568072799904
"think-doesnt_dance-?","Mia_H",0,0.0355447786231147
"think-doesnt_dance-?","Mia_L",0,0.455509298167358
"think-doesnt_dance-?","Mia_L",1,0.152820531194319
"think-doesnt_dance-?","Mia_L",2,0.0926267260809502
"think-doesnt_dance-?","Mia_L",3,0.0630660713792184
"think-doesnt_dance-?","Mia_L",5,0.058319825274056
"think-doesnt_dance-?","Mia_L",4,0.0508404260535621
"think-doesnt_dance-?","Mia_L",7,0.0389397440221576
"think-doesnt_dance-?","Mia_L",8,0.0334204198381527
"think-doesnt_dance-?","Mia_L",6,0.0319842581058335
"think-doesnt_dance-?","Mia_L",9,0.0224726998843929
"think-doesnt_dance-?","Olivia_H",7,0.22441630581857
"think-doesnt_dance-?","Olivia_H",8,0.178527000596423
"think-doesnt_dance-?","Olivia_H",6,0.15555763304915
"think-doesnt_dance-?","Olivia_H",9,0.151061690906023
"think-doesnt_dance-?","Olivia_H",5,0.0768305008645901
"think-doesnt_dance-?","Olivia_H",0,0.0529862768729139
"think-doesnt_dance-?","Olivia_H",4,0.0489214225318712
"think-doesnt_dance-?","Olivia_H",3,0.0428633623405845
"think-doesnt_dance-?","Olivia_H",2,0.0423599700284923
"think-doesnt_dance-?","Olivia_H",1,0.0264758369913808
"think-doesnt_dance-?","Olivia_L",0,0.435077702726819
"think-doesnt_dance-?","Olivia_L",1,0.208325805528025
"think-doesnt_dance-?","Olivia_L",2,0.0952873055310756
"think-doesnt_dance-?","Olivia_L",3,0.0498693483937325
"think-doesnt_dance-?","Olivia_L",4,0.0451233860942125
"think-doesnt_dance-?","Olivia_L",5,0.0397288424753351
"think-doesnt_dance-?","Olivia_L",7,0.0390769785678097
"think-doesnt_dance-?","Olivia_L",8,0.0382345682261135
"think-doesnt_dance-?","Olivia_L",6,0.0247477936907579
"think-doesnt_dance-?","Olivia_L",9,0.0245282687661197
"think-doesnt_dance-?","Owen_H",9,0.28053081809123
"think-doesnt_dance-?","Owen_H",8,0.193989392908021
"think-doesnt_dance-?","Owen_H",7,0.169049397635086
"think-doesnt_dance-?","Owen_H",6,0.101735269928986
"think-doesnt_dance-?","Owen_H",5,0.0996809309782243
"think-doesnt_dance-?","Owen_H",3,0.0388082146231967
"think-doesnt_dance-?","Owen_H",4,0.0360812782701715
"think-doesnt_dance-?","Owen_H",0,0.0318203807265035
"think-doesnt_dance-?","Owen_H",1,0.0275376724932577
"think-doesnt_dance-?","Owen_H",2,0.0207666443453227
"think-doesnt_dance-?","Owen_L",0,0.3446956809471
"think-doesnt_dance-?","Owen_L",1,0.198654322876759
"think-doesnt_dance-?","Owen_L",2,0.124664504180315
"think-doesnt_dance-?","Owen_L",3,0.0698456751033653
"think-doesnt_dance-?","Owen_L",5,0.0581316264501458
"think-doesnt_dance-?","Owen_L",4,0.0499155109863578
"think-doesnt_dance-?","Owen_L",8,0.0466343536315701
"think-doesnt_dance-?","Owen_L",6,0.041735828149279
"think-doesnt_dance-?","Owen_L",9,0.0342112471156023
"think-doesnt_dance-?","Owen_L",7,0.031511250559506
"think-doesnt_dance-?","Sophia_H",5,0.202918739033007
"think-doesnt_dance-?","Sophia_H",6,0.1867029128545
"think-doesnt_dance-?","Sophia_H",7,0.163342627987764
"think-doesnt_dance-?","Sophia_H",4,0.110870876726765
"think-doesnt_dance-?","Sophia_H",8,0.103368815915557
"think-doesnt_dance-?","Sophia_H",9,0.0868134471553206
"think-doesnt_dance-?","Sophia_H",3,0.0445445101856892
"think-doesnt_dance-?","Sophia_H",2,0.0397828355920751
"think-doesnt_dance-?","Sophia_H",0,0.033696448754205
"think-doesnt_dance-?","Sophia_H",1,0.0279587857951169
"think-doesnt_dance-?","Sophia_L",4,0.145025389343599
"think-doesnt_dance-?","Sophia_L",1,0.140057806744829
"think-doesnt_dance-?","Sophia_L",2,0.139100655695591
"think-doesnt_dance-?","Sophia_L",3,0.137357444466391
"think-doesnt_dance-?","Sophia_L",0,0.126562777043746
"think-doesnt_dance-?","Sophia_L",5,0.118597134130332
"think-doesnt_dance-?","Sophia_L",6,0.0614717200276532
"think-doesnt_dance-?","Sophia_L",9,0.0467281059021841
"think-doesnt_dance-?","Sophia_L",8,0.04259477535783
"think-doesnt_dance-?","Sophia_L",7,0.0425041912878442
"think-doesnt_dance-?","Tony_H",8,0.232330710077669
"think-doesnt_dance-?","Tony_H",7,0.211240684013157
"think-doesnt_dance-?","Tony_H",6,0.151201300535778
"think-doesnt_dance-?","Tony_H",9,0.13554307765814
"think-doesnt_dance-?","Tony_H",5,0.103694786107384
"think-doesnt_dance-?","Tony_H",4,0.058898351242339
"think-doesnt_dance-?","Tony_H",2,0.0318419246974998
"think-doesnt_dance-?","Tony_H",0,0.0286443071737892
"think-doesnt_dance-?","Tony_H",1,0.0237062295561743
"think-doesnt_dance-?","Tony_H",3,0.0228986289380693
"think-doesnt_dance-?","Tony_L",0,0.448057832555391
"think-doesnt_dance-?","Tony_L",1,0.188576817893372
"think-doesnt_dance-?","Tony_L",2,0.100787556721617
"think-doesnt_dance-?","Tony_L",3,0.0568446343098787
"think-doesnt_dance-?","Tony_L",5,0.0411877621360287
"think-doesnt_dance-?","Tony_L",4,0.0372468009009759
"think-doesnt_dance-?","Tony_L",9,0.0350509153948119
"think-doesnt_dance-?","Tony_L",6,0.0346039702956631
"think-doesnt_dance-?","Tony_L",7,0.0307563978184764
"think-doesnt_dance-?","Tony_L",8,0.0268873119737852
"think-doesnt_dance-?","Zoe_H",9,0.222689027243826
"think-doesnt_dance-?","Zoe_H",7,0.209620481521677
"think-doesnt_dance-?","Zoe_H",8,0.196156861954633
"think-doesnt_dance-?","Zoe_H",6,0.126140289294463
"think-doesnt_dance-?","Zoe_H",5,0.0910549869227872
"think-doesnt_dance-?","Zoe_H",4,0.0411061897008346
"think-doesnt_dance-?","Zoe_H",0,0.0335895377076706
"think-doesnt_dance-?","Zoe_H",3,0.030895178102851
"think-doesnt_dance-?","Zoe_H",2,0.0259568254377011
"think-doesnt_dance-?","Zoe_H",1,0.022790622113557
"think-doesnt_dance-?","Zoe_L",0,0.485021236310173
"think-doesnt_dance-?","Zoe_L",1,0.176569570554461
"think-doesnt_dance-?","Zoe_L",2,0.0993960429439345
"think-doesnt_dance-?","Zoe_L",3,0.0522190753438261
"think-doesnt_dance-?","Zoe_L",4,0.0384345164350236
"think-doesnt_dance-?","Zoe_L",6,0.0355793284937897
"think-doesnt_dance-?","Zoe_L",7,0.0317079487352145
"think-doesnt_dance-?","Zoe_L",8,0.0298265357824891
"think-doesnt_dance-?","Zoe_L",5,0.0258000302311399
"think-doesnt_dance-?","Zoe_L",9,0.0254457151699489
"BARE-dances-?","Charley_H",9,0.279714236564411
"BARE-dances-?","Charley_H",8,0.170091091464577
"BARE-dances-?","Charley_H",7,0.126914658726532
"BARE-dances-?","Charley_H",6,0.0811525199408722
"BARE-dances-?","Charley_H",5,0.0664537355858142
"BARE-dances-?","Charley_H",4,0.0650115002286345
"BARE-dances-?","Charley_H",3,0.0563518254857432
"BARE-dances-?","Charley_H",2,0.0553458401270213
"BARE-dances-?","Charley_H",0,0.0497510427854001
"BARE-dances-?","Charley_H",1,0.0492135490909945
"BARE-dances-?","Charley_L",1,0.167302077824028
"BARE-dances-?","Charley_L",0,0.149606598421838
"BARE-dances-?","Charley_L",2,0.145670458503179
"BARE-dances-?","Charley_L",3,0.142645069059115
"BARE-dances-?","Charley_L",4,0.106347443143788
"BARE-dances-?","Charley_L",5,0.0877632693078275
"BARE-dances-?","Charley_L",7,0.0556339933039313
"BARE-dances-?","Charley_L",6,0.0543222145040263
"BARE-dances-?","Charley_L",8,0.048651998321847
"BARE-dances-?","Charley_L",9,0.0420568776104207
"BARE-dances-?","Danny_H",7,0.164576995808819
"BARE-dances-?","Danny_H",5,0.16144431183436
"BARE-dances-?","Danny_H",6,0.150182634119567
"BARE-dances-?","Danny_H",8,0.122255808370838
"BARE-dances-?","Danny_H",9,0.0958596796948048
"BARE-dances-?","Danny_H",4,0.0914262300218513
"BARE-dances-?","Danny_H",3,0.0591961161299104
"BARE-dances-?","Danny_H",1,0.05351233052045
"BARE-dances-?","Danny_H",2,0.0517356496805352
"BARE-dances-?","Danny_H",0,0.0498102438188634
"BARE-dances-?","Danny_L",1,0.178485606855714
"BARE-dances-?","Danny_L",0,0.176892450123251
"BARE-dances-?","Danny_L",2,0.14669651228158
"BARE-dances-?","Danny_L",3,0.118316232867142
"BARE-dances-?","Danny_L",4,0.0882697745154394
"BARE-dances-?","Danny_L",5,0.0846543141244258
"BARE-dances-?","Danny_L",6,0.0614976077925025
"BARE-dances-?","Danny_L",7,0.052183102911958
"BARE-dances-?","Danny_L",8,0.0497412237523733
"BARE-dances-?","Danny_L",9,0.0432631747756137
"BARE-dances-?","Emily_H",5,0.183075946945575
"BARE-dances-?","Emily_H",4,0.151460267321189
"BARE-dances-?","Emily_H",6,0.119108283391447
"BARE-dances-?","Emily_H",3,0.0924573464269756
"BARE-dances-?","Emily_H",7,0.0909133134060315
"BARE-dances-?","Emily_H",2,0.0908262077899334
"BARE-dances-?","Emily_H",0,0.0730895203872839
"BARE-dances-?","Emily_H",9,0.068981291742756
"BARE-dances-?","Emily_H",1,0.0657672581316966
"BARE-dances-?","Emily_H",8,0.0643205644571129
"BARE-dances-?","Emily_L",0,0.365743225677038
"BARE-dances-?","Emily_L",1,0.143193051103937
"BARE-dances-?","Emily_L",2,0.104033502454495
"BARE-dances-?","Emily_L",3,0.0727078060296638
"BARE-dances-?","Emily_L",5,0.0650156476662888
"BARE-dances-?","Emily_L",4,0.0623550364458554
"BARE-dances-?","Emily_L",6,0.0525900004738791
"BARE-dances-?","Emily_L",7,0.0502634289147251
"BARE-dances-?","Emily_L",8,0.044063414311582
"BARE-dances-?","Emily_L",9,0.0400348869225365
"BARE-dances-?","Emma_H",7,0.155647216799869
"BARE-dances-?","Emma_H",6,0.153038720044118
"BARE-dances-?","Emma_H",8,0.143246392086918
"BARE-dances-?","Emma_H",5,0.135586042629801
"BARE-dances-?","Emma_H",9,0.113016305095359
"BARE-dances-?","Emma_H",4,0.0759899874578196
"BARE-dances-?","Emma_H",3,0.0665456976418902
"BARE-dances-?","Emma_H",2,0.0543907710445177
"BARE-dances-?","Emma_H",1,0.0535883853456237
"BARE-dances-?","Emma_H",0,0.048950481854084
"BARE-dances-?","Emma_L",0,0.179729400699966
"BARE-dances-?","Emma_L",1,0.165132854297237
"BARE-dances-?","Emma_L",2,0.125370989798137
"BARE-dances-?","Emma_L",3,0.106102740275531
"BARE-dances-?","Emma_L",5,0.100426533892413
"BARE-dances-?","Emma_L",4,0.0894815235380019
"BARE-dances-?","Emma_L",6,0.0790794604620429
"BARE-dances-?","Emma_L",7,0.0586390811511717
"BARE-dances-?","Emma_L",9,0.0496937086426064
"BARE-dances-?","Emma_L",8,0.0463437072428922
"BARE-dances-?","Frank_H",5,0.181583652544541
"BARE-dances-?","Frank_H",6,0.144929594281179
"BARE-dances-?","Frank_H",7,0.133991799453612
"BARE-dances-?","Frank_H",8,0.115631772542903
"BARE-dances-?","Frank_H",4,0.108052832308004
"BARE-dances-?","Frank_H",9,0.0909315398999683
"BARE-dances-?","Frank_H",3,0.0639390500488745
"BARE-dances-?","Frank_H",2,0.0581270701491539
"BARE-dances-?","Frank_H",1,0.0524492205406965
"BARE-dances-?","Frank_H",0,0.0503634682310675
"BARE-dances-?","Frank_L",0,0.370557306536818
"BARE-dances-?","Frank_L",1,0.155133782858054
"BARE-dances-?","Frank_L",2,0.0917607900319363
"BARE-dances-?","Frank_L",3,0.0643553907711571
"BARE-dances-?","Frank_L",4,0.0633402848735514
"BARE-dances-?","Frank_L",5,0.0553521878273384
"BARE-dances-?","Frank_L",6,0.0526507546516622
"BARE-dances-?","Frank_L",7,0.0521199254625741
"BARE-dances-?","Frank_L",8,0.0494821234610124
"BARE-dances-?","Frank_L",9,0.0452474535258964
"BARE-dances-?","Grace_H",9,0.213258571032023
"BARE-dances-?","Grace_H",8,0.167348849120501
"BARE-dances-?","Grace_H",7,0.151521511694502
"BARE-dances-?","Grace_H",6,0.106566265880316
"BARE-dances-?","Grace_H",5,0.0884584503280357
"BARE-dances-?","Grace_H",4,0.0614314686398966
"BARE-dances-?","Grace_H",3,0.0566335650410136
"BARE-dances-?","Grace_H",2,0.0546319092972181
"BARE-dances-?","Grace_H",1,0.0519252282556982
"BARE-dances-?","Grace_H",0,0.0482241807107956
"BARE-dances-?","Grace_L",0,0.196301930595298
"BARE-dances-?","Grace_L",1,0.177374172757693
"BARE-dances-?","Grace_L",2,0.157945342053072
"BARE-dances-?","Grace_L",3,0.101519002763439
"BARE-dances-?","Grace_L",4,0.0837114056444698
"BARE-dances-?","Grace_L",6,0.070213041843869
"BARE-dances-?","Grace_L",5,0.0658225024210194
"BARE-dances-?","Grace_L",7,0.0586528753831977
"BARE-dances-?","Grace_L",8,0.045930440701914
"BARE-dances-?","Grace_L",9,0.0425292858360278
"BARE-dances-?","Isabella_H",5,0.253748989520704
"BARE-dances-?","Isabella_H",4,0.178408983264598
"BARE-dances-?","Isabella_H",6,0.0929207092020654
"BARE-dances-?","Isabella_H",3,0.0879445484933274
"BARE-dances-?","Isabella_H",2,0.0783355439967697
"BARE-dances-?","Isabella_H",1,0.0748225843098545
"BARE-dances-?","Isabella_H",7,0.072704378944106
"BARE-dances-?","Isabella_H",8,0.0590022435685578
"BARE-dances-?","Isabella_H",0,0.0538458912568589
"BARE-dances-?","Isabella_H",9,0.0482661274431579
"BARE-dances-?","Isabella_L",0,0.446385800315658
"BARE-dances-?","Isabella_L",1,0.10417842122558
"BARE-dances-?","Isabella_L",2,0.0751181757361344
"BARE-dances-?","Isabella_L",4,0.0621713243977818
"BARE-dances-?","Isabella_L",3,0.0606418431819644
"BARE-dances-?","Isabella_L",5,0.0588795321865435
"BARE-dances-?","Isabella_L",6,0.0541945869406041
"BARE-dances-?","Isabella_L",7,0.0489592327856833
"BARE-dances-?","Isabella_L",8,0.0449572240294057
"BARE-dances-?","Isabella_L",9,0.0445138592006455
"BARE-dances-?","Jackson_H",9,0.209495059585787
"BARE-dances-?","Jackson_H",8,0.167645352744512
"BARE-dances-?","Jackson_H",7,0.143224358732194
"BARE-dances-?","Jackson_H",6,0.113602383920951
"BARE-dances-?","Jackson_H",5,0.0882853952431887
"BARE-dances-?","Jackson_H",3,0.0638622796240929
"BARE-dances-?","Jackson_H",4,0.0578418264047071
"BARE-dances-?","Jackson_H",2,0.0543832347564121
"BARE-dances-?","Jackson_H",1,0.0508319685846133
"BARE-dances-?","Jackson_H",0,0.050828140403542
"BARE-dances-?","Jackson_L",0,0.30214958940864
"BARE-dances-?","Jackson_L",1,0.174899642458592
"BARE-dances-?","Jackson_L",2,0.122948405570039
"BARE-dances-?","Jackson_L",3,0.0793724439140359
"BARE-dances-?","Jackson_L",4,0.0644393156582444
"BARE-dances-?","Jackson_L",5,0.0618088430779426
"BARE-dances-?","Jackson_L",6,0.0578736310097696
"BARE-dances-?","Jackson_L",7,0.0529901493433517
"BARE-dances-?","Jackson_L",8,0.0445014541836982
"BARE-dances-?","Jackson_L",9,0.0390165253756866
"BARE-dances-?","Jayden_H",6,0.150595197478908
"BARE-dances-?","Jayden_H",7,0.1484441573229
"BARE-dances-?","Jayden_H",5,0.139756009678914
"BARE-dances-?","Jayden_H",8,0.122730653553084
"BARE-dances-?","Jayden_H",4,0.0981707872699184
"BARE-dances-?","Jayden_H",9,0.0961795564290592
"BARE-dances-?","Jayden_H",3,0.0668012151836005
"BARE-dances-?","Jayden_H",1,0.0608513080381966
"BARE-dances-?","Jayden_H",2,0.0590873926849897
"BARE-dances-?","Jayden_H",0,0.0573837223604298
"BARE-dances-?","Jayden_L",0,0.432513736449788
"BARE-dances-?","Jayden_L",1,0.0926069526328725
"BARE-dances-?","Jayden_L",4,0.0668360956350424
"BARE-dances-?","Jayden_L",2,0.0666920047249517
"BARE-dances-?","Jayden_L",3,0.0653609172580927
"BARE-dances-?","Jayden_L",5,0.0651837768289878
"BARE-dances-?","Jayden_L",6,0.0645820567225808
"BARE-dances-?","Jayden_L",7,0.0535984342869863
"BARE-dances-?","Jayden_L",9,0.0466104625676966
"BARE-dances-?","Jayden_L",8,0.0460155628930017
"BARE-dances-?","Jon_H",9,0.175447597910998
"BARE-dances-?","Jon_H",8,0.17438937560899
"BARE-dances-?","Jon_H",7,0.161403696503126
"BARE-dances-?","Jon_H",6,0.115276943825236
"BARE-dances-?","Jon_H",5,0.0843307440936975
"BARE-dances-?","Jon_H",4,0.0679469173442029
"BARE-dances-?","Jon_H",3,0.0619928057763346
"BARE-dances-?","Jon_H",2,0.0559819295849919
"BARE-dances-?","Jon_H",0,0.0523016314410265
"BARE-dances-?","Jon_H",1,0.0509283579113974
"BARE-dances-?","Jon_L",0,0.270612416971744
"BARE-dances-?","Jon_L",1,0.17840283683303
"BARE-dances-?","Jon_L",2,0.132736070849965
"BARE-dances-?","Jon_L",3,0.0729163224849195
"BARE-dances-?","Jon_L",4,0.0691232018898298
"BARE-dances-?","Jon_L",5,0.0645851445387157
"BARE-dances-?","Jon_L",6,0.0603916949791601
"BARE-dances-?","Jon_L",7,0.0578776934624789
"BARE-dances-?","Jon_L",8,0.0493902507886651
"BARE-dances-?","Jon_L",9,0.0439643672014914
"BARE-dances-?","Josh_H",5,0.201697785788529
"BARE-dances-?","Josh_H",6,0.131455049408655
"BARE-dances-?","Josh_H",4,0.114387075983443
"BARE-dances-?","Josh_H",7,0.109683102923963
"BARE-dances-?","Josh_H",3,0.0938368323679486
"BARE-dances-?","Josh_H",0,0.0765057857326146
"BARE-dances-?","Josh_H",8,0.07434703736181
"BARE-dances-?","Josh_H",2,0.0729149230320235
"BARE-dances-?","Josh_H",1,0.0704326681481242
"BARE-dances-?","Josh_H",9,0.0547397392528893
"BARE-dances-?","Josh_L",0,0.233511436698114
"BARE-dances-?","Josh_L",1,0.169207118390702
"BARE-dances-?","Josh_L",2,0.133933746524192
"BARE-dances-?","Josh_L",3,0.101643410905221
"BARE-dances-?","Josh_L",4,0.0826951465186759
"BARE-dances-?","Josh_L",5,0.0769922107251242
"BARE-dances-?","Josh_L",6,0.0605678049400024
"BARE-dances-?","Josh_L",7,0.0543226720296225
"BARE-dances-?","Josh_L",9,0.043829998944473
"BARE-dances-?","Josh_L",8,0.0432964543238734
"BARE-dances-?","Josie_H",7,0.158713071189845
"BARE-dances-?","Josie_H",6,0.142996865410283
"BARE-dances-?","Josie_H",8,0.14157813709847
"BARE-dances-?","Josie_H",9,0.13779219818935
"BARE-dances-?","Josie_H",5,0.108381396374248
"BARE-dances-?","Josie_H",4,0.0923787441118934
"BARE-dances-?","Josie_H",3,0.0588614447823924
"BARE-dances-?","Josie_H",1,0.054014293853831
"BARE-dances-?","Josie_H",0,0.0529091282360147
"BARE-dances-?","Josie_H",2,0.0523747207536724
"BARE-dances-?","Josie_L",0,0.445305338358349
"BARE-dances-?","Josie_L",1,0.100760002059847
"BARE-dances-?","Josie_L",2,0.067623177235541
"BARE-dances-?","Josie_L",4,0.0663955193425205
"BARE-dances-?","Josie_L",3,0.0631450698796273
"BARE-dances-?","Josie_L",5,0.0631282100516754
"BARE-dances-?","Josie_L",6,0.054435204125766
"BARE-dances-?","Josie_L",7,0.0535751317493235
"BARE-dances-?","Josie_L",8,0.0434268555112022
"BARE-dances-?","Josie_L",9,0.0422054916861476
"BARE-dances-?","Julian_H",5,0.196438943643461
"BARE-dances-?","Julian_H",6,0.136909099335563
"BARE-dances-?","Julian_H",4,0.133538248787999
"BARE-dances-?","Julian_H",7,0.12709617982151
"BARE-dances-?","Julian_H",8,0.0803393828547011
"BARE-dances-?","Julian_H",3,0.0773929416665598
"BARE-dances-?","Julian_H",9,0.0734444186589387
"BARE-dances-?","Julian_H",2,0.0668622295939993
"BARE-dances-?","Julian_H",1,0.0607137583038289
"BARE-dances-?","Julian_H",0,0.0472647973334387
"BARE-dances-?","Julian_L",3,0.158129888898348
"BARE-dances-?","Julian_L",2,0.15132160628817
"BARE-dances-?","Julian_L",4,0.142985964513819
"BARE-dances-?","Julian_L",1,0.123369320629432
"BARE-dances-?","Julian_L",5,0.121649870093694
"BARE-dances-?","Julian_L",0,0.0947060583007463
"BARE-dances-?","Julian_L",7,0.0582397570767283
"BARE-dances-?","Julian_L",6,0.0559411631238407
"BARE-dances-?","Julian_L",8,0.0492783781324566
"BARE-dances-?","Julian_L",9,0.0443779929427655
"BARE-dances-?","Mary_H",9,0.339258140343586
"BARE-dances-?","Mary_H",8,0.145470628841641
"BARE-dances-?","Mary_H",7,0.0947692488506752
"BARE-dances-?","Mary_H",6,0.0659104373710689
"BARE-dances-?","Mary_H",5,0.0647556188415118
"BARE-dances-?","Mary_H",4,0.061121169521154
"BARE-dances-?","Mary_H",0,0.0609094172916498
"BARE-dances-?","Mary_H",3,0.0600047627856231
"BARE-dances-?","Mary_H",2,0.0555505046629535
"BARE-dances-?","Mary_H",1,0.0522500714901363
"BARE-dances-?","Mary_L",0,0.29702820262532
"BARE-dances-?","Mary_L",1,0.161862636399035
"BARE-dances-?","Mary_L",2,0.114954878626812
"BARE-dances-?","Mary_L",3,0.0901427126335508
"BARE-dances-?","Mary_L",4,0.0710466566338686
"BARE-dances-?","Mary_L",5,0.0641059126112022
"BARE-dances-?","Mary_L",6,0.0556673842130513
"BARE-dances-?","Mary_L",7,0.0537426823670921
"BARE-dances-?","Mary_L",8,0.0480510100178249
"BARE-dances-?","Mary_L",9,0.0433979238722419
"BARE-dances-?","Mia_H",5,0.207580347927912
"BARE-dances-?","Mia_H",4,0.137052849888873
"BARE-dances-?","Mia_H",6,0.133502055843326
"BARE-dances-?","Mia_H",7,0.104472247699395
"BARE-dances-?","Mia_H",3,0.0894234803005092
"BARE-dances-?","Mia_H",2,0.0793601303963917
"BARE-dances-?","Mia_H",8,0.0721837544096232
"BARE-dances-?","Mia_H",1,0.0629251642179454
"BARE-dances-?","Mia_H",0,0.0573534713152579
"BARE-dances-?","Mia_H",9,0.0561464980007668
"BARE-dances-?","Mia_L",0,0.330573877749933
"BARE-dances-?","Mia_L",1,0.13340105103182
"BARE-dances-?","Mia_L",2,0.0981206661077431
"BARE-dances-?","Mia_L",3,0.081592491375618
"BARE-dances-?","Mia_L",5,0.0788090513479813
"BARE-dances-?","Mia_L",4,0.0743868392538453
"BARE-dances-?","Mia_L",6,0.0587900432159152
"BARE-dances-?","Mia_L",7,0.0573316940766391
"BARE-dances-?","Mia_L",8,0.0467101570827376
"BARE-dances-?","Mia_L",9,0.0402841287577671
"BARE-dances-?","Olivia_H",7,0.179030003492338
"BARE-dances-?","Olivia_H",8,0.14555235388008
"BARE-dances-?","Olivia_H",6,0.138538696183264
"BARE-dances-?","Olivia_H",9,0.122619515906454
"BARE-dances-?","Olivia_H",5,0.0891841171178061
"BARE-dances-?","Olivia_H",4,0.072274987652165
"BARE-dances-?","Olivia_H",0,0.0668273915212331
"BARE-dances-?","Olivia_H",2,0.0668154045075458
"BARE-dances-?","Olivia_H",3,0.0667634254188694
"BARE-dances-?","Olivia_H",1,0.0523941043202455
"BARE-dances-?","Olivia_L",0,0.314964916268416
"BARE-dances-?","Olivia_L",1,0.171849461258503
"BARE-dances-?","Olivia_L",2,0.0980632095964036
"BARE-dances-?","Olivia_L",3,0.0714768196366476
"BARE-dances-?","Olivia_L",4,0.0684667245174881
"BARE-dances-?","Olivia_L",5,0.0664433993741952
"BARE-dances-?","Olivia_L",7,0.0604026585606072
"BARE-dances-?","Olivia_L",8,0.0531800399298429
"BARE-dances-?","Olivia_L",6,0.0526802957320329
"BARE-dances-?","Olivia_L",9,0.042472475125864
"BARE-dances-?","Owen_H",9,0.209654458404756
"BARE-dances-?","Owen_H",8,0.155781228102618
"BARE-dances-?","Owen_H",7,0.142990293983403
"BARE-dances-?","Owen_H",5,0.105751587161432
"BARE-dances-?","Owen_H",6,0.101378230728038
"BARE-dances-?","Owen_H",4,0.0641740560747529
"BARE-dances-?","Owen_H",3,0.0636192688907083
"BARE-dances-?","Owen_H",0,0.0524827802392887
"BARE-dances-?","Owen_H",2,0.0522780945682412
"BARE-dances-?","Owen_H",1,0.051890001846763
"BARE-dances-?","Owen_L",0,0.257781414734262
"BARE-dances-?","Owen_L",1,0.163928278643833
"BARE-dances-?","Owen_L",2,0.115671678534031
"BARE-dances-?","Owen_L",3,0.084708510108117
"BARE-dances-?","Owen_L",5,0.0775906878353458
"BARE-dances-?","Owen_L",4,0.0740883512553755
"BARE-dances-?","Owen_L",6,0.0644600781147291
"BARE-dances-?","Owen_L",8,0.0611594642458829
"BARE-dances-?","Owen_L",7,0.0518083654507547
"BARE-dances-?","Owen_L",9,0.048803171077669
"BARE-dances-?","Sophia_H",5,0.173064200215141
"BARE-dances-?","Sophia_H",6,0.157312076314789
"BARE-dances-?","Sophia_H",7,0.138075363177754
"BARE-dances-?","Sophia_H",4,0.1144963180933
"BARE-dances-?","Sophia_H",8,0.0957628301161181
"BARE-dances-?","Sophia_H",9,0.0803667255107486
"BARE-dances-?","Sophia_H",3,0.067665997680333
"BARE-dances-?","Sophia_H",2,0.0643809679188878
"BARE-dances-?","Sophia_H",0,0.0545872049073275
"BARE-dances-?","Sophia_H",1,0.0542883160656008
"BARE-dances-?","Sophia_L",4,0.136311701037547
"BARE-dances-?","Sophia_L",2,0.12770789063849
"BARE-dances-?","Sophia_L",3,0.127158829714813
"BARE-dances-?","Sophia_L",1,0.124889525472814
"BARE-dances-?","Sophia_L",5,0.118156993598497
"BARE-dances-?","Sophia_L",0,0.115612204903744
"BARE-dances-?","Sophia_L",6,0.0771846876778606
"BARE-dances-?","Sophia_L",7,0.0614068813488586
"BARE-dances-?","Sophia_L",8,0.0565060476728091
"BARE-dances-?","Sophia_L",9,0.0550652379345676
"BARE-dances-?","Tony_H",8,0.178070017413014
"BARE-dances-?","Tony_H",7,0.170808410452608
"BARE-dances-?","Tony_H",6,0.136388688607163
"BARE-dances-?","Tony_H",9,0.115060108818961
"BARE-dances-?","Tony_H",5,0.108279112196842
"BARE-dances-?","Tony_H",4,0.0800158475221455
"BARE-dances-?","Tony_H",2,0.0584141407290345
"BARE-dances-?","Tony_H",3,0.0551393748891374
"BARE-dances-?","Tony_H",1,0.0504683743720653
"BARE-dances-?","Tony_H",0,0.0473559249990297
"BARE-dances-?","Tony_L",0,0.327271043356863
"BARE-dances-?","Tony_L",1,0.15710879386052
"BARE-dances-?","Tony_L",2,0.101193855697406
"BARE-dances-?","Tony_L",3,0.0760102907961165
"BARE-dances-?","Tony_L",5,0.0666047388077076
"BARE-dances-?","Tony_L",4,0.0661858419423458
"BARE-dances-?","Tony_L",6,0.0594991021949383
"BARE-dances-?","Tony_L",7,0.0524300408587065
"BARE-dances-?","Tony_L",9,0.0473061915458698
"BARE-dances-?","Tony_L",8,0.0463901009395274
"BARE-dances-?","Zoe_H",7,0.171967843436657
"BARE-dances-?","Zoe_H",9,0.171057106256185
"BARE-dances-?","Zoe_H",8,0.156825120220616
"BARE-dances-?","Zoe_H",6,0.119726985402079
"BARE-dances-?","Zoe_H",5,0.100501734713087
"BARE-dances-?","Zoe_H",4,0.0668798956248494
"BARE-dances-?","Zoe_H",3,0.0586006850528407
"BARE-dances-?","Zoe_H",2,0.0536507203801092
"BARE-dances-?","Zoe_H",0,0.0509979087782643
"BARE-dances-?","Zoe_H",1,0.0497920001353129
"BARE-dances-?","Zoe_L",0,0.348481418499128
"BARE-dances-?","Zoe_L",1,0.149759981821907
"BARE-dances-?","Zoe_L",2,0.10221461202526
"BARE-dances-?","Zoe_L",3,0.0718033133031554
"BARE-dances-?","Zoe_L",4,0.0661302254639771
"BARE-dances-?","Zoe_L",5,0.0582842562026552
"BARE-dances-?","Zoe_L",6,0.0580654515538779
"BARE-dances-?","Zoe_L",7,0.0560180119481762
"BARE-dances-?","Zoe_L",8,0.0485972332247287
"BARE-dances-?","Zoe_L",9,0.0406454959571345
